--
-- PostgreSQL database dump
--

\restrict zBM6Q2aEd8RTT99J595VxNzfWhuQno6puE69u3wy0Q572wSfd9abrTV5InjTfll

-- Dumped from database version 14.19
-- Dumped by pg_dump version 14.19

SET statement_timeout = 0;
SET lock_timeout = 0;
SET idle_in_transaction_session_timeout = 0;
SET client_encoding = 'UTF8';
SET standard_conforming_strings = on;
SELECT pg_catalog.set_config('search_path', '', false);
SET check_function_bodies = false;
SET xmloption = content;
SET client_min_messages = warning;
SET row_security = off;

--
-- Data for Name: trials_app_application; Type: TABLE DATA; Schema: public; Owner: -
--

COPY public.trials_app_application (id, is_deleted, deleted_at, application_number, submission_date, applicant, applicant_inn_bin, contact_person_name, contact_person_phone, contact_person_email, maturity_group, purpose, status, created_at, updated_at, created_by_id, sort_record_id) FROM stdin;
5	f	\N	5	2025-10-16	Test	555555555555	ТЕСТ	+7 (555) 555-55-55	3rddfg@affds	D03		in_progress	2025-10-16 09:04:46.308988+00	2025-10-18 14:14:45.048638+00	1	5
4	f	\N	4	2025-10-16	Test	444444444444	ТЕСТ	+7 (444) 444-44-44	3rddfg@affds	D03		in_progress	2025-10-16 09:03:46.366371+00	2025-10-18 14:14:45.052711+00	1	4
3	f	\N	3	1999-10-16	Test	111111111111	ТЕСТ	+7 (111) 111-11-11	3rddfg@affds	D03		in_progress	2025-10-16 09:02:16.627246+00	2025-10-18 14:14:45.059838+00	1	3
1	f	\N	1	1980-10-16	Test	111111111111	ТЕСТ	+7 (111) 111-11-11	3rddfg@affds	D07		in_progress	2025-10-16 09:00:26.788036+00	2025-10-18 14:14:45.063333+00	1	1
2	f	\N	2	2019-10-16	Test	111111111111	adfs1221	+7 (111) 111-11-11	3rddfg@affds	D03		submitted	2025-10-16 09:01:15.903672+00	2025-10-18 15:43:10.530255+00	1	2
6	f	\N	10	2025-10-02	ТОО Агрофмира	323232323232	ТЕСТ	+7 (111) 111-11-11	3rddfg@affds	D04	we	submitted	2025-10-20 07:33:24.27856+00	2025-10-20 07:33:24.278564+00	1	2131
7	f	\N	11	2025-10-20	ТТАЫ	673676767326	ывывча	+7 (434) 343-43-53	3rddfg@affds	D04	ыфвирофыв	submitted	2025-10-20 09:58:43.723185+00	2025-10-20 09:58:43.72319+00	1	615
\.


--
-- Data for Name: trials_app_trialplan; Type: TABLE DATA; Schema: public; Owner: -
--

COPY public.trials_app_trialplan (id, is_deleted, deleted_at, year, status, participants, created_at, updated_at, created_by_id, oblast_id, trial_type_id, total_participants) FROM stdin;
1	f	\N	2023	structured	{}	2025-10-16 09:04:57.368637+00	2025-10-16 17:04:29.290733+00	1	17	\N	4
2	f	\N	2024	structured	{}	2025-10-17 09:58:08.732204+00	2025-10-17 10:44:02.962281+00	1	17	\N	3
3	f	\N	2025	structured	{}	2025-10-17 12:07:09.104244+00	2025-10-17 12:11:29.547597+00	1	17	\N	5
4	f	\N	2025	planned	{}	2025-10-20 09:59:01.696445+00	2025-10-20 09:59:01.701818+00	1	14	\N	0
5	f	\N	2025	planned	{}	2025-10-20 10:00:15.542391+00	2025-10-20 10:00:15.547472+00	1	7	\N	0
\.


--
-- Data for Name: trials_app_trial; Type: TABLE DATA; Schema: public; Owner: -
--

COPY public.trials_app_trial (id, is_deleted, deleted_at, area_ha, planting_season, agro_background, growing_conditions, cultivation_technology, growing_method, harvest_timing, harvest_date, additional_info, status, start_date, year, responsible_person, laboratory_status, laboratory_sent_date, laboratory_completed_date, laboratory_sample_weight, laboratory_sample_source, laboratory_notes, created_at, updated_at, created_by_id, culture_id, predecessor_culture_id, region_id, trial_plan_id, trial_type_id, maturity_group_code, maturity_group_name, lsd_095, error_mean, accuracy_percent, replication_count, trial_code, culture_code, predecessor_code, responsible_person_title, approval_date, patents_culture_id) FROM stdin;
10	f	\N	0.5000	spring	favorable	rainfed	organic	greenhouse	medium_early	2025-10-02		completed	2025-10-01	2023	Иванов	completed	2025-10-17	2025-10-17	2	Иванов		2025-10-16 21:31:03.312675+00	2025-10-17 09:57:28.28062+00	1	1	\N	50	1	1	D07	Среднеранний	0.69	0.35	3.25	4	САР-2023-D07	ПШЕ	fallow	\N	2025-10-17	\N
11	f	\N	0.5000	spring	moderate	rainfed	traditional	hydroponics	medium_early	2025-10-16		completed	2025-10-01	2023	Патриция	completed	2025-10-17	2025-10-17	2	TEst		2025-10-17 09:59:34.487773+00	2025-10-17 10:32:12.556731+00	1	1	\N	47	1	1	D07	Среднеранний	0.45	0.23	2.53	4	КЕР-2023-D07	ПШЕ	fallow	\N	2025-10-17	\N
14	f	\N	0.5000	spring	moderate	drained	traditional	hydroponics	early	2025-09-30		completed	2025-10-15	2024	Ивнано	completed	2025-10-17	2025-10-17	2	ew		2025-10-17 10:42:24.431961+00	2025-10-17 10:57:30.493824+00	1	1	\N	50	2	1	D07	Среднеранний	0.16	0.08	1.45	4	КЕР-2024-D07	ПШЕ	fallow	\N	2025-10-17	\N
21	f	\N	0.5000	spring	favorable	irrigated	minimal	hydroponics	medium	2025-10-01		active	2025-10-08	2025	Иванов Иван	\N	\N	\N	\N	\N	\N	2025-10-20 10:02:28.306672+00	2025-10-20 10:13:15.490903+00	1	1	\N	50	3	1	D07	Среднеранний	\N	\N	\N	4	КЕР-2025-D07	ПШЕ	fallow	\N	\N	\N
12	f	\N	0.5000	spring	moderate	rainfed	organic	hydroponics	medium_early	2025-10-03		completed	2025-10-01	2023	цфчыф	completed	2025-10-17	2025-10-17	2	sa		2025-10-17 10:00:14.703261+00	2025-10-17 10:37:18.378662+00	1	1	\N	48	1	1	D07	Среднеранний	0.76	0.39	3.31	4	КОГ-2023-D07	ПШЕ	fallow	\N	2025-10-17	\N
13	f	\N	0.5000	spring	moderate	rainfed	minimal	hydroponics	medium_early	2025-10-01		completed	2025-10-08	2024	Иванов Иван	completed	2025-10-17	2025-10-17	2	323		2025-10-17 10:42:12.402809+00	2025-10-17 10:54:39.37751+00	1	1	\N	48	2	1	D07	Среднеранний	0.13	0.07	0.41	4	САР-2024-D07	ПШЕ	fallow	\N	2025-10-17	\N
18	f	\N	0.5000	spring	unfavorable	rainfed	traditional	greenhouse	medium	2025-10-01		completed	2025-10-01	2025	Иванов	completed	2025-10-18	2025-10-18	2	Делянка 5		2025-10-18 11:48:59.705958+00	2025-10-18 12:53:08.340191+00	1	1	\N	48	3	1	D03	Средний (среднеспелый)	1.7	0.52	3.17	4	САР-2025-D03	ПШЕ	fallow	\N	2025-10-18	\N
20	f	\N	0.5000	spring	moderate	irrigated	traditional	\N	medium	2025-10-01		completed	2025-10-08	2025	Иванов Иван	completed	2025-10-20	2025-10-20	2.5	Поле 1		2025-10-20 10:02:28.248193+00	2025-10-20 10:22:52.579079+00	1	1	\N	50	3	1	D03	Средний (среднеспелый)	21.67	6.71	34.62	4	КЕР-2025-D03	ПШЕ	fallow	\N	2025-10-20	\N
17	f	\N	0.5000	spring	\N	rainfed	traditional	\N	\N	\N	\N	active	2025-10-01	2025	Иванов Иван	\N	\N	\N	\N	\N	\N	2025-10-17 21:08:25.139729+00	2025-10-20 09:53:18.906324+00	1	1	\N	47	3	1	D07	Среднеранний	\N	\N	\N	4	КОГ-2025-D07	ПШЕ	fallow	\N	\N	\N
16	f	\N	0.5000	spring	moderate	rainfed	traditional	hydroponics	medium	2025-10-01		completed	2025-10-01	2025	Иванов Иван	completed	2025-10-18	2025-10-18	2	АГронам		2025-10-17 21:08:25.06052+00	2025-10-18 11:48:31.368944+00	1	1	\N	47	3	1	D03	Средний (среднеспелый)	4.08	1.26	14.49	4	КОГ-2025-D03	ПШЕ	fallow	\N	2025-10-18	\N
19	f	\N	0.5000	spring	\N	rainfed	traditional	\N	\N	\N	\N	active	2025-10-01	2025	Иванов	\N	\N	\N	\N	\N	\N	2025-10-18 11:48:59.795618+00	2025-10-18 11:48:59.795624+00	1	1	\N	48	3	1	D07	Среднеранний	\N	\N	\N	4	САР-2025-D07	ПШЕ	fallow	\N	\N	\N
15	f	\N	0.5000	spring	moderate	rainfed	traditional	greenhouse	medium_early	2025-10-02		completed	2025-10-01	2024	hjh	completed	2025-10-17	2025-10-17	2	6tty		2025-10-17 10:45:03.983932+00	2025-10-17 12:01:01.777556+00	1	1	\N	47	2	1	D07	Среднеранний	0.11	0.06	0.24	4	КОГ-2024-D07	ПШЕ	fallow	\N	2025-10-17	\N
\.


--
-- Data for Name: trials_app_application_target_oblasts; Type: TABLE DATA; Schema: public; Owner: -
--

COPY public.trials_app_application_target_oblasts (id, application_id, oblast_id, status, trial_plan_id, trial_id, created_at, updated_at, decision_date, decision_justification, decided_by_id, decision_year) FROM stdin;
2	1	7	planned	\N	\N	2025-10-18 14:10:47.170911	2025-10-18 14:10:47.170911	\N	\N	\N	\N
4	2	7	planned	\N	\N	2025-10-18 14:10:47.170911	2025-10-18 14:10:47.170911	\N	\N	\N	\N
6	3	7	planned	\N	\N	2025-10-18 14:10:47.170911	2025-10-18 14:10:47.170911	\N	\N	\N	\N
8	4	7	planned	\N	\N	2025-10-18 14:10:47.170911	2025-10-18 14:10:47.170911	\N	\N	\N	\N
10	5	7	planned	\N	\N	2025-10-18 14:10:47.170911	2025-10-18 14:10:47.170911	\N	\N	\N	\N
9	5	17	decision_pending	\N	\N	2025-10-18 09:10:47.170911	2025-10-18 14:14:45.048125	\N	\N	\N	\N
7	4	17	decision_pending	\N	\N	2025-10-18 09:10:47.170911	2025-10-18 14:14:45.052392	\N	\N	\N	\N
5	3	17	decision_pending	\N	\N	2025-10-18 09:10:47.170911	2025-10-18 14:14:45.059518	\N	\N	\N	\N
1	1	17	decision_pending	\N	\N	2025-10-18 09:10:47.170911	2025-10-18 14:14:45.063067	\N	\N	\N	\N
3	2	17	decision_pending	\N	\N	2025-10-18 09:10:47.170911	2025-10-18 15:43:10.529434	\N	\N	\N	\N
11	6	13	planned	\N	\N	2025-10-20 07:33:24.279888	2025-10-20 07:33:24.279888	\N	\N	\N	\N
12	7	1	planned	\N	\N	2025-10-20 09:58:43.724092	2025-10-20 09:58:43.724092	\N	\N	\N	\N
13	7	5	planned	\N	\N	2025-10-20 09:58:43.724092	2025-10-20 09:58:43.724092	\N	\N	\N	\N
\.


--
-- Data for Name: trials_app_applicationdecisionhistory; Type: TABLE DATA; Schema: public; Owner: -
--

COPY public.trials_app_applicationdecisionhistory (id, year, decision, decision_date, decision_justification, average_yield, years_tested_total, created_at, updated_at, application_id, decided_by_id, oblast_id) FROM stdin;
\.


--
-- Data for Name: trials_app_document; Type: TABLE DATA; Schema: public; Owner: -
--

COPY public.trials_app_document (id, is_deleted, deleted_at, title, document_type, file, description, uploaded_at, is_mandatory, application_id, trial_id, uploaded_by_id) FROM stdin;
1	f	\N	REFEREE_REPORT_5	application_for_testing	documents/2025/10/16/REFEREE_REPORT_5_eELboqt.pdf	\N	2025-10-16 09:00:26.838006+00	t	1	\N	1
2	f	\N	REFEREE_REPORT_5	variety_description	documents/2025/10/16/REFEREE_REPORT_5_0hzuWte.pdf	\N	2025-10-16 09:00:26.83813+00	t	1	\N	1
3	f	\N	REFEREE_REPORT_5	breeding_questionnaire	documents/2025/10/16/REFEREE_REPORT_5_5zXZDaN.pdf	\N	2025-10-16 09:00:26.838284+00	t	1	\N	1
4	f	\N	REFEREE_REPORT_5	plant_photo_with_ruler	documents/2025/10/16/REFEREE_REPORT_5_ujhcun1.pdf	\N	2025-10-16 09:00:26.841444+00	t	1	\N	1
5	f	\N	REFEREE_REPORT_5	breeding_questionnaire	documents/2025/10/16/REFEREE_REPORT_5_i7sgr00.pdf	\N	2025-10-16 09:01:15.946287+00	t	2	\N	1
6	f	\N	REFEREE_REPORT_5	application_for_testing	documents/2025/10/16/REFEREE_REPORT_5_3EhKMtY.pdf	\N	2025-10-16 09:01:15.947439+00	t	2	\N	1
7	f	\N	REFEREE_REPORT_5	plant_photo_with_ruler	documents/2025/10/16/REFEREE_REPORT_5_HJJtbLR.pdf	\N	2025-10-16 09:01:15.949613+00	t	2	\N	1
8	f	\N	REFEREE_REPORT_5	variety_description	documents/2025/10/16/REFEREE_REPORT_5_PNtG9aM.pdf	\N	2025-10-16 09:01:15.952831+00	t	2	\N	1
9	f	\N	REFEREE_REPORT_5	breeding_questionnaire	documents/2025/10/16/REFEREE_REPORT_5_HQvY3Lk.pdf	\N	2025-10-16 09:02:16.668948+00	t	3	\N	1
10	f	\N	REFEREE_REPORT_5	variety_description	documents/2025/10/16/REFEREE_REPORT_5_nqwN2MF.pdf	\N	2025-10-16 09:02:16.670045+00	t	3	\N	1
11	f	\N	REFEREE_REPORT_5	plant_photo_with_ruler	documents/2025/10/16/REFEREE_REPORT_5_pW2Dqsr.pdf	\N	2025-10-16 09:02:16.670207+00	t	3	\N	1
12	f	\N	REFEREE_REPORT_5	application_for_testing	documents/2025/10/16/REFEREE_REPORT_5_zArZ6wb.pdf	\N	2025-10-16 09:02:16.671388+00	t	3	\N	1
13	f	\N	REFEREE_REPORT_5	plant_photo_with_ruler	documents/2025/10/16/REFEREE_REPORT_5_rAn5FGk.pdf	\N	2025-10-16 09:03:46.41081+00	t	4	\N	1
14	f	\N	REFEREE_REPORT_5	application_for_testing	documents/2025/10/16/REFEREE_REPORT_5_XeODBN2.pdf	\N	2025-10-16 09:03:46.410926+00	t	4	\N	1
15	f	\N	REFEREE_REPORT_5	variety_description	documents/2025/10/16/REFEREE_REPORT_5_xRgwyxZ.pdf	\N	2025-10-16 09:03:46.41104+00	t	4	\N	1
16	f	\N	REFEREE_REPORT_5	breeding_questionnaire	documents/2025/10/16/REFEREE_REPORT_5_FZbxYmE.pdf	\N	2025-10-16 09:03:46.411174+00	t	4	\N	1
17	f	\N	REFEREE_REPORT_5	breeding_questionnaire	documents/2025/10/16/REFEREE_REPORT_5_sQ6gqK8.pdf	\N	2025-10-16 09:04:46.349146+00	t	5	\N	1
18	f	\N	REFEREE_REPORT_5	application_for_testing	documents/2025/10/16/REFEREE_REPORT_5_WFWIOMf.pdf	\N	2025-10-16 09:04:46.352302+00	t	5	\N	1
19	f	\N	REFEREE_REPORT_5	plant_photo_with_ruler	documents/2025/10/16/REFEREE_REPORT_5_nI7Lfsx.pdf	\N	2025-10-16 09:04:46.352879+00	t	5	\N	1
20	f	\N	REFEREE_REPORT_5	variety_description	documents/2025/10/16/REFEREE_REPORT_5_Jaci7u6.pdf	\N	2025-10-16 09:04:46.353013+00	t	5	\N	1
21	f	\N	NDA_Nurali_signed	application_for_testing	documents/2025/10/20/NDA_Nurali_signed.pdf	\N	2025-10-20 07:33:24.327009+00	t	6	\N	1
22	f	\N	NDA_Nurali_signed	variety_description	documents/2025/10/20/NDA_Nurali_signed_CMuXXdM.pdf	\N	2025-10-20 07:33:24.332656+00	t	6	\N	1
23	f	\N	Договор оказания услуг № 2_signed	plant_photo_with_ruler	documents/2025/10/20/Договор_оказания_услуг__2_signed.pdf	\N	2025-10-20 07:33:24.332841+00	t	6	\N	1
24	f	\N	NDA_Nurali_signed	breeding_questionnaire	documents/2025/10/20/NDA_Nurali_signed_a9YZiRP.pdf	\N	2025-10-20 07:33:24.333593+00	t	6	\N	1
25	f	\N	NDA_Nurali_signed	application_for_testing	documents/2025/10/20/NDA_Nurali_signed_vVlEbiS.pdf	\N	2025-10-20 09:58:43.776981+00	t	7	\N	1
26	f	\N	NDA_Nurali_signed	breeding_questionnaire	documents/2025/10/20/NDA_Nurali_signed_Lewmnpg.pdf	\N	2025-10-20 09:58:43.777104+00	t	7	\N	1
27	f	\N	Договор оказания услуг № 2_signed	plant_photo_with_ruler	documents/2025/10/20/Договор_оказания_услуг__2_signed_GVHwKTu.pdf	\N	2025-10-20 09:58:43.778682+00	t	7	\N	1
28	f	\N	Договор оказания услуг № 2_signed	variety_description	documents/2025/10/20/Договор_оказания_услуг__2_signed_uuH2tc5.pdf	\N	2025-10-20 09:58:43.77883+00	t	7	\N	1
\.


--
-- Data for Name: trials_app_originator; Type: TABLE DATA; Schema: public; Owner: -
--

COPY public.trials_app_originator (id, is_deleted, deleted_at, originator_id, name, synced_at, created_at, updated_at, code, is_foreign, is_nanoc) FROM stdin;
4	f	\N	7847	ANHUI LONGPING HIGH-TECH (XINQIAO) SEEDS CO., LTD., Китай	2025-10-16 17:31:25.446805+00	2025-10-16 17:31:25.447273+00	2025-10-16 17:31:25.447277+00	\N	f	f
25	f	\N	6044	Danko Hodowla Roslin Sp. zо.о.	2025-10-16 17:31:25.45995+00	2025-10-16 17:31:25.460176+00	2025-10-16 17:31:25.460179+00	\N	f	f
28	f	\N	7797	Donau Saat S.R.L.	2025-10-16 17:31:25.461392+00	2025-10-16 17:31:25.461612+00	2025-10-16 17:31:25.461614+00	\N	f	f
33	f	\N	7719	Fall Greek Farm & Nursey Ink.	2025-10-16 17:31:25.464725+00	2025-10-16 17:31:25.465032+00	2025-10-16 17:31:25.465035+00	\N	f	f
34	f	\N	7839	Fenikks Seeds Global Ltd. Китай	2025-10-16 17:31:25.465295+00	2025-10-16 17:31:25.465529+00	2025-10-16 17:31:25.465532+00	\N	f	f
36	f	\N	7079	Frito Lay North America, Inc.	2025-10-16 17:31:25.466216+00	2025-10-16 17:31:25.466442+00	2025-10-16 17:31:25.466445+00	\N	f	f
37	f	\N	7829	Gansu Jiarui Seeds Co.Itd	2025-10-16 17:31:25.466689+00	2025-10-16 17:31:25.466914+00	2025-10-16 17:31:25.466917+00	\N	f	f
43	f	\N	7801	Heilongjiang Longke Seed Industry Group, Ltd	2025-10-16 17:31:25.469489+00	2025-10-16 17:31:25.469723+00	2025-10-16 17:31:25.469726+00	\N	f	f
45	f	\N	5768	IMCCS  AMC Magroselect  SRU	2025-10-16 17:31:25.470518+00	2025-10-16 17:31:25.470867+00	2025-10-16 17:31:25.470891+00	\N	f	f
48	f	\N	6615	Intraseed ltd,Молдава	2025-10-16 17:31:25.472715+00	2025-10-16 17:31:25.473049+00	2025-10-16 17:31:25.473052+00	\N	f	f
53	f	\N	7810	Jinli Agriculture Development Co., Ltd	2025-10-16 17:31:25.475403+00	2025-10-16 17:31:25.475637+00	2025-10-16 17:31:25.475639+00	\N	f	f
54	f	\N	7822	Jiuquan Bosher flora Seed Industry Co	2025-10-16 17:31:25.475915+00	2025-10-16 17:31:25.476157+00	2025-10-16 17:31:25.476159+00	\N	f	f
56	f	\N	7848	JTSD LTD, UK	2025-10-16 17:31:25.476868+00	2025-10-16 17:31:25.477089+00	2025-10-16 17:31:25.477092+00	\N	f	f
67	f	\N	7852	Moguer Cuna de Platero, Sociedad Cooperativa Andaluza (S.C.A.) (Могер Куна дэ Платеро, Сосьедад Кооператива Андалуза (Эс.Cи.A.) (ES)	2025-10-16 17:31:25.482444+00	2025-10-16 17:31:25.482683+00	2025-10-16 17:31:25.482686+00	\N	f	f
70	f	\N	7818	"MTI Maize Technologies International"	2025-10-16 17:31:25.483758+00	2025-10-16 17:31:25.483987+00	2025-10-16 17:31:25.483989+00	\N	f	f
71	f	\N	6786	Na Jong Hyeon 	2025-10-16 17:31:25.4842+00	2025-10-16 17:31:25.484414+00	2025-10-16 17:31:25.484416+00	\N	f	f
73	f	\N	7809	National Agricultural Reserch and Development Institute Fundelea	2025-10-16 17:31:25.485048+00	2025-10-16 17:31:25.485256+00	2025-10-16 17:31:25.485259+00	\N	f	f
19	f	\N	7333	BREUN SEED GmbH&Co KG, Германия	2025-10-22 07:34:02.430908+00	2025-10-16 17:31:25.457065+00	2025-10-22 07:34:02.430927+00	340	f	f
40	f	\N	7702	GIE LINEA Semences de Lin, Франция	2025-10-22 07:34:02.442065+00	2025-10-16 17:31:25.468317+00	2025-10-22 07:34:02.442085+00	459	f	f
50	f	\N	6237	HIBRISOL, S.L., Испания	2025-10-22 07:34:02.443738+00	2025-10-16 17:31:25.474036+00	2025-10-22 07:34:02.443757+00	480	f	f
1070	f	\N	6867	Agri Obtentions SA., Франция	2025-10-22 07:34:02.424257+00	2025-10-22 07:34:02.424699+00	2025-10-22 07:34:02.424702+00	412	f	f
3	f	\N	7824	Alfaseed KFT, Венгрия	2025-10-22 07:34:02.426076+00	2025-10-16 17:31:25.446215+00	2025-10-22 07:34:02.426103+00	483	f	f
10	f	\N	6079	Aspria seeds S.A., Люксенбург	2025-10-22 07:34:02.427598+00	2025-10-16 17:31:25.451141+00	2025-10-22 07:34:02.42762+00	346	f	f
13	f	\N	6246	Bass Genetics Inc, Соединенные Штаты Америки	2025-10-22 07:34:02.429891+00	2025-10-16 17:31:25.452822+00	2025-10-22 07:34:02.42991+00	437	f	f
15	f	\N	5701	Bayer CropScience Raps GmbH, Германия	2025-10-22 07:34:02.430361+00	2025-10-16 17:31:25.453856+00	2025-10-22 07:34:02.43038+00	342	f	f
21	f	\N	6222	Cerela Inc., Канада	2025-10-22 07:34:02.431431+00	2025-10-16 17:31:25.458238+00	2025-10-22 07:34:02.43145+00	454	f	f
27	f	\N	5859	DLF SEEDS A/S, Дания	2025-10-22 07:34:02.436788+00	2025-10-16 17:31:25.461159+00	2025-10-22 07:34:02.436808+00	473	f	f
47	f	\N	6585	Interseed Potatoes Gesellschaft mit beschränkter Haftung, Германия	2025-10-22 07:34:02.444917+00	2025-10-16 17:31:25.472406+00	2025-10-22 07:34:02.444936+00	414	f	f
49	f	\N	6144	IPM Pototo Group, Ирландия	2025-10-22 07:34:02.445583+00	2025-10-16 17:31:25.473564+00	2025-10-22 07:34:02.445602+00	396	f	f
60	f	\N	6491	Lidea France SAS., Франция	2025-10-22 07:34:02.449454+00	2025-10-16 17:31:25.478863+00	2025-10-22 07:34:02.449475+00	456	f	f
65	f	\N	7798	MAS Seeds, Франция	2025-10-22 07:34:02.449994+00	2025-10-16 17:31:25.481716+00	2025-10-22 07:34:02.450017+00	368	f	f
18	f	\N	6206	Wiersum Plantbreeding Besloten Vennootschap, Нидерланды	2025-10-22 07:34:02.467052+00	2025-10-16 17:31:25.456073+00	2025-10-22 07:34:02.467074+00	369	f	f
52	f	\N	6300	Джон Кит, Новая Зеландия	2025-10-22 07:34:02.521873+00	2025-10-16 17:31:25.474911+00	2025-10-22 07:34:02.521893+00	310	f	f
32	f	\N	6501	Евросорго (Eurosorgho), Франция	2025-10-22 07:34:02.529929+00	2025-10-16 17:31:25.464419+00	2025-10-22 07:34:02.529951+00	360	f	f
82	f	\N	6859	Pen Hirtigh BV, P.O.Вох 3 A A EMMELOORD, Nethenlands	2025-10-16 17:31:25.489658+00	2025-10-16 17:31:25.489931+00	2025-10-16 17:31:25.489934+00	\N	f	f
93	f	\N	6796	SAKA PflanzenzuchinGmbH & Co, KG	2025-10-16 17:31:25.494963+00	2025-10-16 17:31:25.495188+00	2025-10-16 17:31:25.495191+00	\N	f	f
98	f	\N	7790	SEMILLAS BATLLE, S.A	2025-10-16 17:31:25.497899+00	2025-10-16 17:31:25.498172+00	2025-10-16 17:31:25.498175+00	\N	f	f
99	f	\N	7827	SEMMILAS BATLLE S.A (СЕММИЛЛАС БАТЛЛЕ, С.А)	2025-10-16 17:31:25.498428+00	2025-10-16 17:31:25.498658+00	2025-10-16 17:31:25.49866+00	\N	f	f
107	f	\N	6295	Tarim University, Китай	2025-10-16 17:31:25.502682+00	2025-10-16 17:31:25.502915+00	2025-10-16 17:31:25.502918+00	\N	f	f
108	f	\N	6580	TOO"Land Master"AMG Agroselect Comert SRL	2025-10-16 17:31:25.503185+00	2025-10-16 17:31:25.50344+00	2025-10-16 17:31:25.503443+00	\N	f	f
110	f	\N	5900	Updated 1759945856	2025-10-16 17:31:25.504241+00	2025-10-16 17:31:25.504498+00	2025-10-16 17:31:25.504501+00	\N	f	f
111	f	\N	5952	Updated Originator Name	2025-10-16 17:31:25.504787+00	2025-10-16 17:31:25.505121+00	2025-10-16 17:31:25.505124+00	\N	f	f
113	f	\N	7821	Xinjiang Jiuyu Development Seed Co., Ltd	2025-10-16 17:31:25.506773+00	2025-10-16 17:31:25.507113+00	2025-10-16 17:31:25.507116+00	\N	f	f
116	f	\N	7757	АБЦз Гроуп Б.В./С.Р.Л. (BE)	2025-10-16 17:31:25.508432+00	2025-10-16 17:31:25.508661+00	2025-10-16 17:31:25.508664+00	\N	f	f
117	f	\N	6042	АГ Алюмни Сиид	2025-10-16 17:31:25.508894+00	2025-10-16 17:31:25.509118+00	2025-10-16 17:31:25.509121+00	\N	f	f
118	f	\N	7500	Агрикалчурал рисерч энд экстеншн сервисс Жежу спешиал селф-говернинг провинс	2025-10-16 17:31:25.509332+00	2025-10-16 17:31:25.509554+00	2025-10-16 17:31:25.509557+00	\N	f	f
124	f	\N	7106	Агро Плюс Коммерц. Хаубитрассе,Германия 	2025-10-16 17:31:25.512077+00	2025-10-16 17:31:25.512302+00	2025-10-16 17:31:25.512305+00	\N	f	f
1071	f	\N	7495	(CIP) Международный центр по картофелю, Перу	2025-10-22 07:34:02.432188+00	2025-10-22 07:34:02.432448+00	2025-10-22 07:34:02.43245+00	415	f	f
1072	f	\N	8291	Den Hartigh Besloten Vennootschap, Нидерланды366.	2025-10-22 07:34:02.434251+00	2025-10-22 07:34:02.434504+00	2025-10-22 07:34:02.434507+00	365	f	f
1073	f	\N	8307	DLF BEET SEED ApS, Дания468.	2025-10-22 07:34:02.435383+00	2025-10-22 07:34:02.435629+00	2025-10-22 07:34:02.435631+00	467	f	f
131	f	\N	7792	Адванта Сид Интернешнл	2025-10-16 17:31:25.515983+00	2025-10-16 17:31:25.516219+00	2025-10-16 17:31:25.516222+00	\N	f	f
1074	f	\N	8298	DLF (Dansk Landbrugs Frøselskab) SEEDS A/S (Aktieselskab), Дания418.	2025-10-22 07:34:02.435953+00	2025-10-22 07:34:02.436244+00	2025-10-22 07:34:02.436246+00	417	f	f
29	f	\N	5717	Dow AgroSciences limited liability company, Соединенные Штаты Америки	2025-10-22 07:34:02.437672+00	2025-10-16 17:31:25.462079+00	2025-10-22 07:34:02.437692+00	356	f	f
87	f	\N	7271	RAGT 2n, Франция	2025-10-22 07:34:02.457991+00	2025-10-16 17:31:25.492378+00	2025-10-22 07:34:02.45801+00	355	f	f
136	f	\N	7849	Американ Генетикс, Греция	2025-10-16 17:31:25.518176+00	2025-10-16 17:31:25.518386+00	2025-10-16 17:31:25.518388+00	\N	f	f
102	f	\N	7846	Research Institute for Cereals and Industrial Crops, Румыния	2025-10-22 07:34:02.458499+00	2025-10-16 17:31:25.500472+00	2025-10-22 07:34:02.458518+00	304	f	f
138	f	\N	6371	Ананьева Зинаида Петровна 	2025-10-16 17:31:25.519022+00	2025-10-16 17:31:25.519232+00	2025-10-16 17:31:25.519235+00	\N	f	f
86	f	\N	7789	Saatzucht Donau Ges.m.b.H. & CoKG, Австрия	2025-10-22 07:34:02.459007+00	2025-10-16 17:31:25.491895+00	2025-10-22 07:34:02.459027+00	481	f	f
95	f	\N	6861	«Secobra Recherches», Франция	2025-10-22 07:34:02.462985+00	2025-10-16 17:31:25.496263+00	2025-10-22 07:34:02.463005+00	316	f	f
132	f	\N	6448	Алматинский государственный университе	2025-10-22 07:34:02.477361+00	2025-10-16 17:31:25.516704+00	2025-10-22 07:34:02.477381+00	6	f	f
101	f	\N	6343	Societa Produttori Sementi Spa, Швейцария	2025-10-22 07:34:02.463881+00	2025-10-16 17:31:25.500003+00	2025-10-22 07:34:02.463901+00	385	f	f
112	f	\N	5775	Winall Hi – The Seed Co, Китайская Народная Республика	2025-10-22 07:34:02.467611+00	2025-10-16 17:31:25.506331+00	2025-10-22 07:34:02.46763+00	465	f	f
120	f	\N	6630	"Агроалиментаре СЮД СпА,Италия	2025-10-22 07:34:02.470839+00	2025-10-16 17:31:25.510461+00	2025-10-22 07:34:02.470859+00	222	f	f
122	f	\N	6261	«Агромейд» Единичное общество с ограниченной доверенностью, Болгария	2025-10-22 07:34:02.471961+00	2025-10-16 17:31:25.51138+00	2025-10-22 07:34:02.471982+00	424	f	f
114	f	\N	6018	Заатбау Линце еГен, Австрия	2025-10-22 07:34:02.533734+00	2025-10-16 17:31:25.50768+00	2025-10-22 07:34:02.53376+00	347	f	f
129	f	\N	6223	Институт селекции и растениеводства, Хорватия	2025-10-22 07:34:02.548213+00	2025-10-16 17:31:25.515308+00	2025-10-22 07:34:02.548232+00	298	f	f
97	f	\N	6016	Компания «Семенс Прогрейн Инк», Канада	2025-10-22 07:34:02.571357+00	2025-10-16 17:31:25.497624+00	2025-10-22 07:34:02.571377+00	328	f	f
139	f	\N	6185	Селекционно-генетический институт, город Одесса	2025-10-22 07:34:02.662429+00	2025-10-16 17:31:25.51965+00	2025-10-22 07:34:02.662452+00	169	f	f
78	f	\N	6692	Фирма «NUNHEMS NETHERLANDS», Нидерланды	2025-10-22 07:34:02.767918+00	2025-10-16 17:31:25.487491+00	2025-10-22 07:34:02.767937+00	264	f	f
96	f	\N	7780	Фирма «Selgen» Чехия	2025-10-22 07:34:02.768536+00	2025-10-16 17:31:25.49702+00	2025-10-22 07:34:02.768566+00	248	f	f
83	f	\N	7153	Фирма «Пионер», Соединенные Штаты Америки	2025-10-22 07:34:02.779564+00	2025-10-16 17:31:25.490421+00	2025-10-22 07:34:02.779588+00	234	f	f
106	f	\N	5969	Фирма «Синдгента Сидс Б.В.», Нидерланды	2025-10-22 07:34:02.786958+00	2025-10-16 17:31:25.502441+00	2025-10-22 07:34:02.786985+00	245	f	f
151	f	\N	5964	АСК Техник ( Норика Германия) 	2025-10-16 17:31:25.525649+00	2025-10-16 17:31:25.525864+00	2025-10-16 17:31:25.525867+00	\N	f	f
159	f	\N	6469	Бем Нордкартофель агропродуктион ОХГ Европлант Пфланцихт Гмбх	2025-10-16 17:31:25.529387+00	2025-10-16 17:31:25.529685+00	2025-10-16 17:31:25.529688+00	\N	f	f
162	f	\N	7356	БО Гертссон	2025-10-16 17:31:25.531367+00	2025-10-16 17:31:25.531617+00	2025-10-16 17:31:25.53162+00	\N	f	f
166	f	\N	7756	ВАШИНГТОН СТЕЙТ ЮНИВЕРСИТИ (US)	2025-10-16 17:31:25.533262+00	2025-10-16 17:31:25.533495+00	2025-10-16 17:31:25.533497+00	\N	f	f
168	f	\N	6751	Виерзум Плантбридинг БВ 	2025-10-16 17:31:25.534171+00	2025-10-16 17:31:25.534384+00	2025-10-16 17:31:25.534386+00	\N	f	f
1075	f	\N	7590	ENTAV-INRA, Франция	2025-10-22 07:34:02.437958+00	2025-10-22 07:34:02.438352+00	2025-10-22 07:34:02.438355+00	296	f	f
1076	f	\N	6043	Euralis semences, Франция	2025-10-22 07:34:02.438841+00	2025-10-22 07:34:02.439145+00	2025-10-22 07:34:02.439148+00	345	f	f
1077	f	\N	7826	Florimond Desprez Veuve et Fils SAS, ФРАНЦИЯ	2025-10-22 07:34:02.439905+00	2025-10-22 07:34:02.440167+00	2025-10-22 07:34:02.440169+00	\N	f	f
51	f	\N	7696	Istanbul Tarim Sanayi Ve Ticaret Anonim Sirket, Турция	2025-10-22 07:34:02.446814+00	2025-10-16 17:31:25.474468+00	2025-10-22 07:34:02.44684+00	433	f	f
1078	f	\N	8308	Meiosis LTD, Великобритания475.	2025-10-22 07:34:02.450937+00	2025-10-22 07:34:02.451277+00	2025-10-22 07:34:02.451279+00	474	f	f
1079	f	\N	8283	Monsanto Holand Besloten Vennootschap, Нидерланды322.	2025-10-22 07:34:02.45183+00	2025-10-22 07:34:02.452133+00	2025-10-22 07:34:02.452136+00	321	f	f
1080	f	\N	7842	Panam France SAS, Франция	2025-10-22 07:34:02.455084+00	2025-10-22 07:34:02.455347+00	2025-10-22 07:34:02.455349+00	456	f	f
1081	f	\N	8274	Plant select hrv beice s.r.b., Чехия275.	2025-10-22 07:34:02.455886+00	2025-10-22 07:34:02.45614+00	2025-10-22 07:34:02.456142+00	274	f	f
58	f	\N	7785	Progress Agrar Handelsgesellschaft mbH, Германия	2025-10-22 07:34:02.457455+00	2025-10-16 17:31:25.477937+00	2025-10-22 07:34:02.457475+00	407	f	f
185	f	\N	7760	Герасимова Елена Григорьевна	2025-10-16 17:31:25.542566+00	2025-10-16 17:31:25.542815+00	2025-10-16 17:31:25.542817+00	\N	f	f
187	f	\N	7607	Германия Лимбкенг	2025-10-16 17:31:25.543489+00	2025-10-16 17:31:25.543726+00	2025-10-16 17:31:25.543728+00	\N	f	f
188	f	\N	7395	Германия фирма Лемберкент	2025-10-16 17:31:25.543964+00	2025-10-16 17:31:25.544203+00	2025-10-16 17:31:25.544205+00	\N	f	f
189	f	\N	6702	ГККП "Капланбексикй высший аграрно-технический колледж" 	2025-10-16 17:31:25.544449+00	2025-10-16 17:31:25.54469+00	2025-10-16 17:31:25.544693+00	\N	f	f
1082	f	\N	8303	SECOBRA Recherches SAS, Франция448.	2025-10-22 07:34:02.462106+00	2025-10-22 07:34:02.4624+00	2025-10-22 07:34:02.462404+00	447	f	f
1083	f	\N	7248	ZEAINVENT TRNAVA s.r.o., Словакия	2025-10-22 07:34:02.468667+00	2025-10-22 07:34:02.468918+00	2025-10-22 07:34:02.46892+00	373	f	f
154	f	\N	6061	Атырауский научно исследовательский институт сельского хозяйства	2025-10-22 07:34:02.483828+00	2025-10-16 17:31:25.527282+00	2025-10-22 07:34:02.483852+00	269	f	f
179	f	\N	6603	Всероссийский научно-исследовательский институт картофельного хозяйства	2025-10-22 07:34:02.500457+00	2025-10-16 17:31:25.539981+00	2025-10-22 07:34:02.500476+00	60	f	f
1084	f	\N	8278	А.В. Емельянов296.	2025-10-22 07:34:02.469483+00	2025-10-22 07:34:02.469791+00	2025-10-22 07:34:02.469793+00	295	f	f
1085	f	\N	7794	"Агроконтакт-Георгиеви" ЕООД, Болгария	2025-10-22 07:34:02.471155+00	2025-10-22 07:34:02.471413+00	2025-10-22 07:34:02.471415+00	424	f	f
1086	f	\N	8123	Адыгейский научно исследовательский институт сельского хозяйства47.	2025-10-22 07:34:02.47326+00	2025-10-22 07:34:02.473525+00	2025-10-22 07:34:02.473527+00	46	f	f
191	f	\N	7405	Главный ботанический сад Академии наук Республики Казахстан	2025-10-22 07:34:02.513036+00	2025-10-16 17:31:25.545826+00	2025-10-22 07:34:02.513058+00	9	f	f
184	f	\N	7599	Научная станция Тохоку, Мариока, Япония	2025-10-22 07:34:02.595893+00	2025-10-16 17:31:25.542341+00	2025-10-22 07:34:02.595912+00	313	f	f
170	f	\N	6271	Федеральное государственное бюджетное научное учреждение «Федеральный научный центр «Всероссийский научно-исследовательский институт масличных культур имени В.С. Пустовойта»	2025-10-22 07:34:02.757413+00	2025-10-16 17:31:25.535238+00	2025-10-22 07:34:02.757436+00	64	f	f
186	f	\N	6168	Фирма «Европлант», Германия	2025-10-22 07:34:02.774296+00	2025-10-16 17:31:25.543266+00	2025-10-22 07:34:02.774316+00	300	f	f
198	f	\N	7240	ГНУ АНИИ СХ СО Россельхозакадемии	2025-10-16 17:31:25.549258+00	2025-10-16 17:31:25.549503+00	2025-10-16 17:31:25.549505+00	\N	f	f
228	f	\N	7136	De Ruiter Seeds, Нидерланды	2025-10-22 07:34:02.435037+00	2025-10-16 17:31:25.566019+00	2025-10-22 07:34:02.435064+00	309	f	f
248	f	\N	5817	G.I.E. GRASS Ла Литиер, Франция	2025-10-22 07:34:02.441597+00	2025-10-16 17:31:25.575846+00	2025-10-22 07:34:02.441619+00	392	f	f
1087	f	\N	8104	Актюбинская опытная станция кормов и пастбищ	2025-10-22 07:34:02.473817+00	2025-10-22 07:34:02.474061+00	2025-10-22 07:34:02.474063+00	3	f	f
1088	f	\N	8105	Алматинский государственный сортоиспытательный участок закрытого грунта	2025-10-22 07:34:02.476466+00	2025-10-22 07:34:02.476767+00	2025-10-22 07:34:02.476769+00	5	f	f
218	f	\N	6454	Даниско Сид Хайбигардвег	2025-10-16 17:31:25.559935+00	2025-10-16 17:31:25.56017+00	2025-10-16 17:31:25.560173+00	\N	f	f
1089	f	\N	8223	Андижанская племенная шелководческая станция186.	2025-10-22 07:34:02.480169+00	2025-10-22 07:34:02.48045+00	2025-10-22 07:34:02.480452+00	185	f	f
1090	f	\N	8224	Андижанский филиал Всесоюзного научно-исследовательского института хлопководства187.	2025-10-22 07:34:02.4808+00	2025-10-22 07:34:02.481086+00	2025-10-22 07:34:02.481088+00	186	f	f
1091	f	\N	6548	АО"КазНИИ КОХ" АО" КазАгроИнновация"	2025-10-22 07:34:02.481464+00	2025-10-22 07:34:02.481735+00	2025-10-22 07:34:02.481737+00	\N	f	f
1092	f	\N	8124	Армавирская опытная станция Всероссийского научно-исследовательского института масличных культур49.	2025-10-22 07:34:02.482076+00	2025-10-22 07:34:02.482364+00	2025-10-22 07:34:02.482366+00	48	f	f
1093	f	\N	8242	Армянский научно-исследовательский институт виноградарства, виноделия и садоводства205.	2025-10-22 07:34:02.48285+00	2025-10-22 07:34:02.483103+00	2025-10-22 07:34:02.483105+00	204	f	f
236	f	\N	6907	Др.Петер Франк- Германия	2025-10-16 17:31:25.569453+00	2025-10-16 17:31:25.569691+00	2025-10-16 17:31:25.569693+00	\N	f	f
1094	f	\N	8125	Бакчарский опорный пункт Научно-исследовательского института садоводства Сибири имени М.А. Лисавенко50.	2025-10-22 07:34:02.484594+00	2025-10-22 07:34:02.484854+00	2025-10-22 07:34:02.484856+00	49	f	f
217	f	\N	5906	Дайге Загреределюнг А.Г (Германия)	2025-10-22 07:34:02.520332+00	2025-10-16 17:31:25.559702+00	2025-10-22 07:34:02.520353+00	\N	f	f
227	f	\N	7085	Днепропетровский аграрный университет	2025-10-22 07:34:02.522405+00	2025-10-16 17:31:25.565509+00	2025-10-22 07:34:02.522424+00	153	f	f
243	f	\N	6378	Емельенов Андрей Вячеславович	2025-10-16 17:31:25.573229+00	2025-10-16 17:31:25.573461+00	2025-10-16 17:31:25.573464+00	\N	f	f
230	f	\N	6484	Добруджанский институт земледелия, Болгария	2025-10-22 07:34:02.522897+00	2025-10-16 17:31:25.566939+00	2025-10-22 07:34:02.522917+00	469	f	f
232	f	\N	7450	Донецкая государственная областная сельскохозяйственная опытная станция	2025-10-22 07:34:02.523379+00	2025-10-16 17:31:25.567781+00	2025-10-22 07:34:02.523398+00	154	f	f
233	f	\N	7234	Др. Ласло Селений, Германия	2025-10-22 07:34:02.527928+00	2025-10-16 17:31:25.568272+00	2025-10-22 07:34:02.527948+00	323	f	f
238	f	\N	6498	КОССАД СЕМЕНСЕС, Франция	2025-10-22 07:34:02.573068+00	2025-10-16 17:31:25.570535+00	2025-10-22 07:34:02.573087+00	331	f	f
250	f	\N	7759	Жаухаров Бейбит Жаксылыкович	2025-10-16 17:31:25.576488+00	2025-10-16 17:31:25.576718+00	2025-10-16 17:31:25.576721+00	\N	f	f
202	f	\N	5998	Краснокутская селекционно-опытная станция Научно-исследовательского института сельского хозяйства Юго-Востока	2025-10-22 07:34:02.575431+00	2025-10-16 17:31:25.551568+00	2025-10-22 07:34:02.575458+00	97	f	f
203	f	\N	7293	Красноярский научно-исследовательский институт сельского хозяйства	2025-10-22 07:34:02.576529+00	2025-10-16 17:31:25.552036+00	2025-10-22 07:34:02.576568+00	99	f	f
222	f	\N	6172	Научно-исследовательский институт хлопководства Юго-Западного научно-производственного центра сельского хозяйства	2025-10-22 07:34:02.601921+00	2025-10-16 17:31:25.561931+00	2025-10-22 07:34:02.601948+00	10	f	f
205	f	\N	6191	Сибирский научно исследовательский институт сельского хозяйства	2025-10-22 07:34:02.666813+00	2025-10-16 17:31:25.552932+00	2025-10-22 07:34:02.666832+00	138	f	f
208	f	\N	6572	Ставропольский научно-исследовательский институт сельского хозяйства	2025-10-22 07:34:02.671739+00	2025-10-16 17:31:25.555516+00	2025-10-22 07:34:02.671758+00	139	f	f
244	f	\N	7309	Фирма «Енза Заден», Нидерланды	2025-10-22 07:34:02.774787+00	2025-10-16 17:31:25.573911+00	2025-10-22 07:34:02.774806+00	227	f	f
209	f	\N	6356	Фирма «Марибо», Дания	2025-10-22 07:34:02.777551+00	2025-10-16 17:31:25.556024+00	2025-10-22 07:34:02.777575+00	231	f	f
213	f	\N	7256	Фирма «Синджента Сидс Б.В.», Франция	2025-10-22 07:34:02.787535+00	2025-10-16 17:31:25.557876+00	2025-10-22 07:34:02.787557+00	262	f	f
258	f	\N	5738	Занерпопкорн хибрид США	2025-10-16 17:31:25.580686+00	2025-10-16 17:31:25.580958+00	2025-10-16 17:31:25.58096+00	\N	f	f
265	f	\N	7754	ЗАУК БВБА (BE)	2025-10-16 17:31:25.583976+00	2025-10-16 17:31:25.584188+00	2025-10-16 17:31:25.58419+00	\N	f	f
268	f	\N	6000	ИЗИ Сементи	2025-10-16 17:31:25.585231+00	2025-10-16 17:31:25.585442+00	2025-10-16 17:31:25.585444+00	\N	f	f
269	f	\N	6314	Израиль  компания "Зераши Гедера"	2025-10-16 17:31:25.585644+00	2025-10-16 17:31:25.585862+00	2025-10-16 17:31:25.585865+00	\N	f	f
270	f	\N	7730	Ингеборг ВЭСТЕРИДЖК	2025-10-16 17:31:25.586076+00	2025-10-16 17:31:25.586284+00	2025-10-16 17:31:25.586287+00	\N	f	f
271	f	\N	7418	Индуцированный сорт (Америка)	2025-10-16 17:31:25.586503+00	2025-10-16 17:31:25.586764+00	2025-10-16 17:31:25.586766+00	\N	f	f
272	f	\N	5737	Иновационно-Государствен. фонд Южно-Каз. области	2025-10-16 17:31:25.586993+00	2025-10-16 17:31:25.587205+00	2025-10-16 17:31:25.587207+00	\N	f	f
281	f	\N	7748	Институт растениеводческих ресурсов Хэйлунцзянской академии сельскохозяйтсвенных наук	2025-10-16 17:31:25.59162+00	2025-10-16 17:31:25.591851+00	2025-10-16 17:31:25.591854+00	\N	f	f
1095	f	\N	8106	Балхашское опытное поле Министерства сельского хозяйства Республики Казахстан	2025-10-22 07:34:02.485133+00	2025-10-22 07:34:02.48541+00	2025-10-22 07:34:02.485412+00	7	f	f
1096	f	\N	8127	Башкирский научно-исследовательский институт земледелия и селекции полевых культур53.	2025-10-22 07:34:02.485701+00	2025-10-22 07:34:02.485982+00	2025-10-22 07:34:02.485985+00	52	f	f
1097	f	\N	7492	Башкирский научно-исследовательский институт сельского хозяйства	2025-10-22 07:34:02.486289+00	2025-10-22 07:34:02.486542+00	2025-10-22 07:34:02.486544+00	51	f	f
1098	f	\N	8126	Башкирский научно-исследовательский и проектно-технологический институт животноводства и кормопроизводства51.	2025-10-22 07:34:02.486804+00	2025-10-22 07:34:02.487047+00	2025-10-22 07:34:02.487049+00	50	f	f
1099	f	\N	8128	Белгородская опытная станция Всероссийского научно-исследовательского института масличных культур54.	2025-10-22 07:34:02.487304+00	2025-10-22 07:34:02.487599+00	2025-10-22 07:34:02.487601+00	53	f	f
294	f	\N	6354	Иоган Дикман	2025-10-16 17:31:25.598114+00	2025-10-16 17:31:25.598373+00	2025-10-16 17:31:25.598376+00	\N	f	f
276	f	\N	7850	Государственное учреждение «Институт зерновых культур Национальной академии аграрных наук Украины», Украина	2025-10-22 07:34:02.518569+00	2025-10-16 17:31:25.589596+00	2025-10-22 07:34:02.518588+00	408	f	f
297	f	\N	7841	ИП Глава КФХ Завражнов Антон Владимирович	2025-10-16 17:31:25.599492+00	2025-10-16 17:31:25.599714+00	2025-10-16 17:31:25.599716+00	\N	f	f
280	f	\N	7213	Институт Растениеводства «Порумбень», Молдова	2025-10-22 07:34:02.546807+00	2025-10-16 17:31:25.591423+00	2025-10-22 07:34:02.546834+00	353	f	f
273	f	\N	7770	Ялтушковская опытно-селекционная станция Института биоэнергетических культур и сахарной свеклы Национальной академии аграрных наук Украины	2025-10-22 07:34:02.804176+00	2025-10-16 17:31:25.587767+00	2025-10-22 07:34:02.804196+00	182	f	f
292	f	\N	5779	Товарищество с ограниченной ответственностью «Казахский научно-исследовательский институт земледелия и растениеводства»	2025-10-22 07:34:02.682318+00	2025-10-16 17:31:25.596956+00	2025-10-22 07:34:02.682339+00	18	f	f
282	f	\N	7713	Институт физиологии растений и генетики Национальной академии наук Украины, Украина	2025-10-22 07:34:02.548794+00	2025-10-16 17:31:25.59226+00	2025-10-22 07:34:02.54882+00	448	f	f
289	f	\N	6718	Институт фитохимии Министерства образования и науки Республики Казахстан	2025-10-22 07:34:02.549476+00	2025-10-16 17:31:25.595231+00	2025-10-22 07:34:02.549496+00	268	f	f
295	f	\N	5793	Общество с ограниченной ответственностью «Научно-исследовательский институт овощеводства защищенного грунта», Россия	2025-10-22 07:34:02.621438+00	2025-10-16 17:31:25.598854+00	2025-10-22 07:34:02.621465+00	380	f	f
266	f	\N	6973	Фирма «ЗПС», Нидерланды	2025-10-22 07:34:02.776407+00	2025-10-16 17:31:25.584614+00	2025-10-22 07:34:02.776426+00	229	f	f
264	f	\N	7149	Юго-Западный научно-производственный центр сельского хозяйства Министерства сельского хозяйства Республики Казахстан	2025-10-22 07:34:02.80221+00	2025-10-16 17:31:25.583763+00	2025-10-22 07:34:02.802229+00	20	f	f
311	f	\N	7051	Nuseed Evropa limited trade development, Англия	2025-10-22 07:34:02.454772+00	2025-10-16 17:31:25.607877+00	2025-10-22 07:34:02.454794+00	367	f	f
1100	f	\N	8221	Белорусский научно исследовательский институт земледелия184.	2025-10-22 07:34:02.487877+00	2025-10-22 07:34:02.488203+00	2025-10-22 07:34:02.488205+00	183	f	f
1101	f	\N	8222	Белорусский научно-исследовательский институт картофелеводства и плодоовощеводства185.	2025-10-22 07:34:02.488524+00	2025-10-22 07:34:02.488839+00	2025-10-22 07:34:02.488841+00	184	f	f
1102	f	\N	8129	Бирючекутская овощная селекционно-опытная станция55.	2025-10-22 07:34:02.489389+00	2025-10-22 07:34:02.489632+00	2025-10-22 07:34:02.489634+00	54	f	f
306	f	\N	6238	ИП Хамзатханов ООО "Агростандарт" г. Краснодар Россия 	2025-10-16 17:31:25.603709+00	2025-10-16 17:31:25.603951+00	2025-10-16 17:31:25.603954+00	\N	f	f
307	f	\N	6211	Исакулов Е.Б. - 	2025-10-16 17:31:25.604567+00	2025-10-16 17:31:25.605014+00	2025-10-16 17:31:25.605017+00	\N	f	f
1103	f	\N	8238	Ботанический сад Академии наук Киргизии201.	2025-10-22 07:34:02.490171+00	2025-10-22 07:34:02.490412+00	2025-10-22 07:34:02.490414+00	200	f	f
1104	f	\N	8245	Ботанический сад Академии наук Республики Молдова208.	2025-10-22 07:34:02.490698+00	2025-10-22 07:34:02.490938+00	2025-10-22 07:34:02.49094+00	207	f	f
1105	f	\N	8130	Ботанический сад Нижегородского государственного университета56.	2025-10-22 07:34:02.491233+00	2025-10-22 07:34:02.491486+00	2025-10-22 07:34:02.491488+00	55	f	f
1106	f	\N	8271	Буйнакская опытная станция садоводства, Дагестан261.	2025-10-22 07:34:02.491793+00	2025-10-22 07:34:02.492042+00	2025-10-22 07:34:02.492045+00	260	f	f
1107	f	\N	8131	Бурятский научно исследовательский институт сельского хозяйства57.	2025-10-22 07:34:02.492346+00	2025-10-22 07:34:02.492611+00	2025-10-22 07:34:02.492613+00	56	f	f
1108	f	\N	8132	Быковская бахчевая селекционная опытная станция58.	2025-10-22 07:34:02.492889+00	2025-10-22 07:34:02.493172+00	2025-10-22 07:34:02.493174+00	57	f	f
1109	f	\N	8248	Вахшский филиал Таджикской научно-производственное объединение «Земледелие»214.	2025-10-22 07:34:02.493495+00	2025-10-22 07:34:02.493758+00	2025-10-22 07:34:02.49376+00	213	f	f
1110	f	\N	8193	Веселоподолянская опытно-селекционная станция151.	2025-10-22 07:34:02.494918+00	2025-10-22 07:34:02.495219+00	2025-10-22 07:34:02.495221+00	150	f	f
1111	f	\N	8146	Волгоградская государственная сельскохозяйственная академия77.	2025-10-22 07:34:02.495819+00	2025-10-22 07:34:02.496061+00	2025-10-22 07:34:02.496063+00	76	f	f
1112	f	\N	8145	Волгоградская опытная станция Всероссийского научно исследовательского института растениеводства76.	2025-10-22 07:34:02.496378+00	2025-10-22 07:34:02.496619+00	2025-10-22 07:34:02.496622+00	75	f	f
1113	f	\N	8147	Воронежская овощная опытная станция78.	2025-10-22 07:34:02.496886+00	2025-10-22 07:34:02.497145+00	2025-10-22 07:34:02.497148+00	77	f	f
1004	f	\N	7964	Восточно-Казахстанский государственный университет имени Сарсена Аманжолова	2025-10-22 07:34:02.497678+00	2025-10-21 21:50:08.598781+00	2025-10-22 07:34:02.497701+00	393	f	f
1114	f	\N	8133	Всероссийский научно-исследовательский институт генетики и селекции плодовых растений имени И.В. Мичурина59.	2025-10-22 07:34:02.499022+00	2025-10-22 07:34:02.499385+00	2025-10-22 07:34:02.499388+00	58	f	f
1115	f	\N	8006	Всероссийский научно-исследовательский институт кукурузы, город Ставрополь	2025-10-22 07:34:02.500754+00	2025-10-22 07:34:02.501001+00	2025-10-22 07:34:02.501004+00	61	f	f
1116	f	\N	8134	Всероссийский научно-исследовательский институт лекарственных и ароматических растений63.	2025-10-22 07:34:02.501317+00	2025-10-22 07:34:02.501583+00	2025-10-22 07:34:02.501585+00	62	f	f
1117	f	\N	8135	Всероссийский научно-исследовательский институт мясного скотоводства64.	2025-10-22 07:34:02.501879+00	2025-10-22 07:34:02.502166+00	2025-10-22 07:34:02.502168+00	63	f	f
1118	f	\N	8136	Всероссийский научно-исследовательский институт овощеводства66.	2025-10-22 07:34:02.50249+00	2025-10-22 07:34:02.502896+00	2025-10-22 07:34:02.502936+00	65	f	f
1119	f	\N	8056	Всероссийский научно-исследовательский институт орошаемого овощеводства и бахчеводства	2025-10-22 07:34:02.503388+00	2025-10-22 07:34:02.503734+00	2025-10-22 07:34:02.503736+00	66	f	f
1120	f	\N	8137	Всероссийский научно-исследовательский институт растениеводства имени Н.И. Вавилова68.	2025-10-22 07:34:02.504097+00	2025-10-22 07:34:02.504409+00	2025-10-22 07:34:02.504411+00	67	f	f
1121	f	\N	8138	Всероссийский научно исследовательский институт риса69.	2025-10-22 07:34:02.504821+00	2025-10-22 07:34:02.505655+00	2025-10-22 07:34:02.505658+00	68	f	f
1122	f	\N	8139	Всероссийский научно-исследовательский институт садоводства имени И.В. Мичурина70.	2025-10-22 07:34:02.506043+00	2025-10-22 07:34:02.506698+00	2025-10-22 07:34:02.506701+00	69	f	f
1123	f	\N	8140	Всероссийский научно-исследовательский институт сахарной свеклы и сахара имени А.Л. Мазлумова71.	2025-10-22 07:34:02.507072+00	2025-10-22 07:34:02.507355+00	2025-10-22 07:34:02.507357+00	70	f	f
1124	f	\N	8141	Всероссийский научно-исследовательский институт селекции и семеноводства овощных культур72.	2025-10-22 07:34:02.507647+00	2025-10-22 07:34:02.50789+00	2025-10-22 07:34:02.507892+00	71	f	f
330	f	\N	5953	ИКАРДА	2025-10-22 07:34:02.541288+00	2025-10-16 17:31:25.617999+00	2025-10-22 07:34:02.541307+00	271	f	f
329	f	\N	6521	Украинский научно исследовательский институт орошаемого земледелия	2025-10-22 07:34:02.712501+00	2025-10-16 17:31:25.617553+00	2025-10-22 07:34:02.712522+00	176	f	f
1330	f	\N	8190	Хакасская сельскохозяйственная опытная станция147.	2025-10-22 07:34:02.791395+00	2025-10-22 07:34:02.791656+00	2025-10-22 07:34:02.791658+00	146	f	f
1331	f	\N	8217	Херсонская селекционно-опытная станция бахчеводства179.	2025-10-22 07:34:02.792185+00	2025-10-22 07:34:02.792429+00	2025-10-22 07:34:02.792431+00	178	f	f
1332	f	\N	8120	Целиноградская государственная сельскохозяйственная опытная станция43.	2025-10-22 07:34:02.793674+00	2025-10-22 07:34:02.793929+00	2025-10-22 07:34:02.793931+00	42	f	f
1125	f	\N	8143	Всероссийский научно-исследовательский институт селекции и семеноводства сорговых культур74.	2025-10-22 07:34:02.508355+00	2025-10-22 07:34:02.508623+00	2025-10-22 07:34:02.508626+00	73	f	f
1126	f	\N	8142	Всероссийский научно-исследовательский институт селекции плодовых культур, город Орел73.	2025-10-22 07:34:02.508913+00	2025-10-22 07:34:02.509179+00	2025-10-22 07:34:02.509181+00	72	f	f
1127	f	\N	8144	Всероссийский научно исследовательский институт сои75.	2025-10-22 07:34:02.509446+00	2025-10-22 07:34:02.509717+00	2025-10-22 07:34:02.509719+00	74	f	f
1128	f	\N	7196	Всероссийский селекционно-технологический институт садоводства и питомниководства	2025-10-22 07:34:02.509999+00	2025-10-22 07:34:02.510294+00	2025-10-22 07:34:02.510297+00	78	f	f
1129	f	\N	6967	ГКП Махтааральская с-х опытная станция	2025-10-22 07:34:02.512116+00	2025-10-22 07:34:02.512432+00	2025-10-22 07:34:02.512435+00	\N	f	f
1130	f	\N	8148	Главный ботанический сад имени Н.В. Цицина Российской академии наук80.	2025-10-22 07:34:02.513374+00	2025-10-22 07:34:02.513679+00	2025-10-22 07:34:02.513696+00	79	f	f
1131	f	\N	8194	Гороховский совхоз-техникум, Украина152.	2025-10-22 07:34:02.51417+00	2025-10-22 07:34:02.514429+00	2025-10-22 07:34:02.514431+00	151	f	f
1132	f	\N	8107	Государственное казенное предприятие опытно-производственное хозяйство «Зыряновское»12.	2025-10-22 07:34:02.51472+00	2025-10-22 07:34:02.514981+00	2025-10-22 07:34:02.514983+00	11	f	f
1133	f	\N	8108	Государственное казенное предприятие опытно-производственное хозяйство «Масличные культуры»13.	2025-10-22 07:34:02.515264+00	2025-10-22 07:34:02.515515+00	2025-10-22 07:34:02.515517+00	12	f	f
1134	f	\N	8277	Государственное научное учреждение «Алтайский научно исследовательский институт сельского хозяйства», Россия289.	2025-10-22 07:34:02.515792+00	2025-10-22 07:34:02.516046+00	2025-10-22 07:34:02.516048+00	288	f	f
367	f	\N	7188	Казахстан Нидера СА 	2025-10-16 17:31:25.635844+00	2025-10-16 17:31:25.636086+00	2025-10-16 17:31:25.636089+00	\N	f	f
368	f	\N	7466	Казахстан Сипиел Рисеч Нон-Профит НИИ СХ Франция 	2025-10-16 17:31:25.636327+00	2025-10-16 17:31:25.636594+00	2025-10-16 17:31:25.636597+00	\N	f	f
1135	f	\N	8282	Государственное научное учреждение «Всероссийский научно-исследовательский и проектно-технологический институт рапса», Россия319.	2025-10-22 07:34:02.51679+00	2025-10-22 07:34:02.517033+00	2025-10-22 07:34:02.517035+00	318	f	f
371	f	\N	6518	Қаз егістік ҒЗИ	2025-10-16 17:31:25.638348+00	2025-10-16 17:31:25.638702+00	2025-10-16 17:31:25.638705+00	\N	f	f
1136	f	\N	7890	Государственное научное учреждение «Сибирская опытная станция Всероссийского научно-исследовательского института имени В.С. Пустовойта»	2025-10-22 07:34:02.51783+00	2025-10-22 07:34:02.518084+00	2025-10-22 07:34:02.518086+00	272	f	f
1137	f	\N	8195	Государственный Никитский Ботанический сад, Украина153.	2025-10-22 07:34:02.519468+00	2025-10-22 07:34:02.519748+00	2025-10-22 07:34:02.519751+00	152	f	f
1138	f	\N	8149	Дальневосточная опытная станция Всероссийского научно исследовательского института растениеводства81.	2025-10-22 07:34:02.520663+00	2025-10-22 07:34:02.520957+00	2025-10-22 07:34:02.520959+00	80	f	f
379	f	\N	6731	Канадская фирма	2025-10-16 17:31:25.642481+00	2025-10-16 17:31:25.642708+00	2025-10-16 17:31:25.642711+00	\N	f	f
1139	f	\N	8196	Донецкая овощебахчевая опытная станция156.	2025-10-22 07:34:02.523645+00	2025-10-22 07:34:02.523884+00	2025-10-22 07:34:02.523887+00	155	f	f
345	f	\N	5707	Институт кукурузы «Земун Поле», Сербия и Черногория	2025-10-22 07:34:02.545609+00	2025-10-16 17:31:25.625719+00	2025-10-22 07:34:02.545629+00	220	f	f
376	f	\N	6207	Научно-исследовательский институт лесного хозяйства и агролесомелиорации	2025-10-22 07:34:02.598105+00	2025-10-16 17:31:25.641163+00	2025-10-22 07:34:02.598132+00	265	f	f
381	f	\N	6340	Пензенский научно исследовательский институт сельского хозяйства	2025-10-22 07:34:02.640622+00	2025-10-16 17:31:25.643627+00	2025-10-22 07:34:02.640641+00	124	f	f
395	f	\N	7420	К.И.В. – КОНСОРЦИО ИТАЛЬЯНО ВИВАИСТИ – Сочиета Консортиле а р.л.	2025-10-16 17:31:25.650839+00	2025-10-16 17:31:25.65106+00	2025-10-16 17:31:25.651062+00	\N	f	f
409	f	\N	7080	Компания Остеррас 	2025-10-16 17:31:25.658597+00	2025-10-16 17:31:25.658836+00	2025-10-16 17:31:25.658839+00	\N	f	f
422	f	\N	6579	Крестьянское хоз. "Саялы"	2025-10-16 17:31:25.6656+00	2025-10-16 17:31:25.665864+00	2025-10-16 17:31:25.665866+00	\N	f	f
389	f	\N	6031	Gleen Seeds LTD, Канада	2025-10-22 07:34:02.442541+00	2025-10-16 17:31:25.648318+00	2025-10-22 07:34:02.44256+00	482	f	f
432	f	\N	7440	Ландвиртшафтлихе Леранштальтен Трисдорф, Германия 	2025-10-16 17:31:25.670207+00	2025-10-16 17:31:25.67043+00	2025-10-16 17:31:25.670432+00	\N	f	f
431	f	\N	5727	LABOULET Semences, Франция	2025-10-22 07:34:02.448821+00	2025-10-16 17:31:25.669956+00	2025-10-22 07:34:02.448841+00	374	f	f
435	f	\N	5879	Макенов Т.Е. КВС ЗААТ СЕ	2025-10-16 17:31:25.672029+00	2025-10-16 17:31:25.672353+00	2025-10-16 17:31:25.672355+00	\N	f	f
439	f	\N	6068	May-Agro Tohumculuk Sanayi ve Ticaret A.Ş., Турция	2025-10-22 07:34:02.450586+00	2025-10-16 17:31:25.674786+00	2025-10-22 07:34:02.450613+00	457	f	f
440	f	\N	6944	Махтааральская опытная станция  НАЦ АИ РК	2025-10-16 17:31:25.675012+00	2025-10-16 17:31:25.67523+00	2025-10-16 17:31:25.675232+00	\N	f	f
393	f	\N	6863	Stet Holland B.V. Нидерланды	2025-10-22 07:34:02.464396+00	2025-10-16 17:31:25.650139+00	2025-10-22 07:34:02.464416+00	486	f	f
1140	f	\N	8150	Донская опытная станция Всероссийского научно-исследовательского института масличных культур82.	2025-10-22 07:34:02.524137+00	2025-10-22 07:34:02.524379+00	2025-10-22 07:34:02.524381+00	81	f	f
391	f	\N	6403	Картофельцухт Бем, Германия	2025-10-22 07:34:02.564524+00	2025-10-16 17:31:25.649259+00	2025-10-22 07:34:02.564545+00	343	f	f
1141	f	\N	8151	Донской селекционный центр Донского зонального научно исследовательского института сельского хозяйства84.	2025-10-22 07:34:02.525138+00	2025-10-22 07:34:02.525404+00	2025-10-22 07:34:02.525406+00	83	f	f
1142	f	\N	8152	Донской сельскохозяйственный институт85.	2025-10-22 07:34:02.525682+00	2025-10-22 07:34:02.52594+00	2025-10-22 07:34:02.525942+00	84	f	f
1143	f	\N	8295	Дорогобед Алексей Алексеевич, Россия400.	2025-10-22 07:34:02.526258+00	2025-10-22 07:34:02.526769+00	2025-10-22 07:34:02.526773+00	399	f	f
1144	f	\N	7099	Дубовская опытная станция	2025-10-22 07:34:02.528486+00	2025-10-22 07:34:02.528769+00	2025-10-22 07:34:02.528771+00	132	f	f
1007	f	\N	7998	Ершовская опытная станция орошаемого земледелия	2025-10-22 07:34:02.530665+00	2025-10-21 21:50:08.604048+00	2025-10-22 07:34:02.530684+00	85	f	f
1145	f	\N	6174	Еуроплант  Пфланзензухт Гмбх	2025-10-22 07:34:02.530969+00	2025-10-22 07:34:02.531238+00	2025-10-22 07:34:02.53124+00	\N	f	f
410	f	\N	6818	Компания «Сесвандерхаве» Бельгия	2025-10-22 07:34:02.57193+00	2025-10-16 17:31:25.659268+00	2025-10-22 07:34:02.57195+00	305	f	f
421	f	\N	6810	Краснодарский научно-исследовательский институт сельского хозяйства имени П.П. Лукьяненко	2025-10-22 07:34:02.574897+00	2025-10-16 17:31:25.665324+00	2025-10-22 07:34:02.574916+00	96	f	f
428	f	\N	7230	Крестьянское хозяйство «Багратион», Казахстан	2025-10-22 07:34:02.577349+00	2025-10-16 17:31:25.668606+00	2025-10-22 07:34:02.577369+00	468	f	f
425	f	\N	7367	Курт Хортсхолм Сейет, Дания	2025-10-22 07:34:02.583096+00	2025-10-16 17:31:25.667279+00	2025-10-22 07:34:02.583115+00	301	f	f
438	f	\N	6344	Мария Ан Смит, Австралия	2025-10-22 07:34:02.589268+00	2025-10-16 17:31:25.674238+00	2025-10-22 07:34:02.589292+00	312	f	f
408	f	\N	6456	Научно-производственное фермерское хозяйство «Компания МАИС», Украина	2025-10-22 07:34:02.604691+00	2025-10-16 17:31:25.658221+00	2025-10-22 07:34:02.604713+00	423	f	f
1260	f	\N	8229	Среднеазиатская опытная станция Всероссийского научно исследовательской института растениеводства192.	2025-10-22 07:34:02.670165+00	2025-10-22 07:34:02.670491+00	2025-10-22 07:34:02.670493+00	191	f	f
1261	f	\N	8230	Среднеазиатский научно-исследовательский и технологический институт шелководства193.	2025-10-22 07:34:02.670832+00	2025-10-22 07:34:02.67117+00	2025-10-22 07:34:02.671172+00	192	f	f
406	f	\N	7278	Фирма «Хруккэм», Соединенные Штаты Америки	2025-10-22 07:34:02.789665+00	2025-10-16 17:31:25.657254+00	2025-10-22 07:34:02.789684+00	285	f	f
444	f	\N	6546	Мишель Марде. Франция	2025-10-16 17:31:25.676834+00	2025-10-16 17:31:25.677062+00	2025-10-16 17:31:25.677064+00	\N	f	f
457	f	\N	6120	НАО научно-исслед тех. Университет им. К.И.Сатпаев Институт хим и био-х технологий 	2025-10-16 17:31:25.683425+00	2025-10-16 17:31:25.683641+00	2025-10-16 17:31:25.683644+00	\N	f	f
446	f	\N	7360	C. Meijer Besloten Vennootschap, Нидерланды	2025-10-22 07:34:02.433007+00	2025-10-16 17:31:25.677942+00	2025-10-22 07:34:02.433026+00	431	f	f
467	f	\N	6606	NIDERA SA (Нидера Са), Аргентина	2025-10-22 07:34:02.45429+00	2025-10-16 17:31:25.688948+00	2025-10-22 07:34:02.454309+00	341	f	f
1146	f	\N	8296	Жамбылский филиал товарищества с ограниченной ответственностью «Казахский научно-исследовательский институт земледелия и растениеводства»403.	2025-10-22 07:34:02.531552+00	2025-10-22 07:34:02.531831+00	2025-10-22 07:34:02.531833+00	402	f	f
1147	f	\N	8109	Жезказганская сельскохозяйственная опытная станция14.	2025-10-22 07:34:02.532361+00	2025-10-22 07:34:02.532622+00	2025-10-22 07:34:02.532624+00	13	f	f
1148	f	\N	8197	Жеребковская опытная станция Научно-исследовательского института кукурузы Украины157.	2025-10-22 07:34:02.532923+00	2025-10-22 07:34:02.53321+00	2025-10-22 07:34:02.533212+00	156	f	f
1149	f	\N	6865	ЗаКа Пфланценцухт ГбР, Германия	2025-10-22 07:34:02.535714+00	2025-10-22 07:34:02.53621+00	2025-10-22 07:34:02.536213+00	334	f	f
489	f	\N	5821	НПЦ ППП	2025-10-16 17:31:25.700147+00	2025-10-16 17:31:25.700391+00	2025-10-16 17:31:25.700394+00	\N	f	f
490	f	\N	5903	Нунемс Б.В.	2025-10-16 17:31:25.700618+00	2025-10-16 17:31:25.70086+00	2025-10-16 17:31:25.700863+00	\N	f	f
453	f	\N	6057	Казахский государственный агротехнический университет имени Сакена Сейфуллина	2025-10-22 07:34:02.556065+00	2025-10-16 17:31:25.681627+00	2025-10-22 07:34:02.556089+00	2	f	f
469	f	\N	6765	Кокинский опорный пункт по садоводству Научно-исследовательского зонального института садоводства Нечерноземной полосы	2025-10-22 07:34:02.568173+00	2025-10-16 17:31:25.690169+00	2025-10-22 07:34:02.568194+00	94	f	f
477	f	\N	7306	Компания «Никерсон Цваан», Нидерланды	2025-10-22 07:34:02.57049+00	2025-10-16 17:31:25.694185+00	2025-10-22 07:34:02.57051+00	294	f	f
471	f	\N	7211	Научно-исследовательский институт кукурузы и сорго Республики Молдова	2025-10-22 07:34:02.59697+00	2025-10-16 17:31:25.691189+00	2025-10-22 07:34:02.596989+00	208	f	f
473	f	\N	7643	Научно-исследовательский институт садоводства Сибири имени М.А. Лисавенко	2025-10-22 07:34:02.599178+00	2025-10-16 17:31:25.692199+00	2025-10-22 07:34:02.599202+00	112	f	f
476	f	\N	5997	Научно исследовательский институт сельского хозяйства Юго-Востока	2025-10-22 07:34:02.601387+00	2025-10-16 17:31:25.693628+00	2025-10-22 07:34:02.601407+00	114	f	f
483	f	\N	6020	Научно-производственное объединение «Соя-Центр», Россия	2025-10-22 07:34:02.603447+00	2025-10-16 17:31:25.697557+00	2025-10-22 07:34:02.603476+00	445	f	f
460	f	\N	7033	Научно-производственное объединение "Шымкент"	2025-10-22 07:34:02.604079+00	2025-10-16 17:31:25.68496+00	2025-10-22 07:34:02.604099+00	406	f	f
487	f	\N	6091	Научно-производственный центр зернового хозяйства имени А.И. Бараева Министерства сельского хозяйства Республики Казахстан	2025-10-22 07:34:02.605581+00	2025-10-16 17:31:25.699456+00	2025-10-22 07:34:02.605619+00	19	f	f
465	f	\N	6935	Некоммерческое акционерное общество «Казахский национальный аграрный университет»	2025-10-22 07:34:02.607486+00	2025-10-16 17:31:25.687439+00	2025-10-22 07:34:02.607505+00	441	f	f
482	f	\N	6139	Нордринг-картофелцухт-унд фермерунг-ГМБХ гросс Люсевитц, Германия	2025-10-22 07:34:02.610795+00	2025-10-16 17:31:25.696925+00	2025-10-22 07:34:02.610854+00	332	f	f
479	f	\N	6438	Частное предприятие «Новомосковский плодопитомник», Украина	2025-10-22 07:34:02.797232+00	2025-10-16 17:31:25.695095+00	2025-10-22 07:34:02.797251+00	472	f	f
475	f	\N	7554	Частное учреждение «Научно-исследовательский институт экологии и экспериментальной биологии Республики Казахстан»	2025-10-22 07:34:02.798281+00	2025-10-16 17:31:25.693127+00	2025-10-22 07:34:02.798301+00	307	f	f
498	f	\N	7040	Омский СХИ Челябинский НИИ СХ	2025-10-16 17:31:25.704907+00	2025-10-16 17:31:25.705264+00	2025-10-16 17:31:25.705267+00	\N	f	f
505	f	\N	7488	ООО "Агролига Центр селекции растений", Россия	2025-10-16 17:31:25.70888+00	2025-10-16 17:31:25.709088+00	2025-10-16 17:31:25.709091+00	\N	f	f
510	f	\N	6257	ООО агрофирма "Украиские семена" 	2025-10-16 17:31:25.710968+00	2025-10-16 17:31:25.711186+00	2025-10-16 17:31:25.711189+00	\N	f	f
511	f	\N	7840	ООО "Акпадон-Агро", Украина	2025-10-16 17:31:25.711393+00	2025-10-16 17:31:25.711609+00	2025-10-16 17:31:25.711612+00	\N	f	f
516	f	\N	7815	ООО "ГРИНОМИКА ТРЕЙД"	2025-10-16 17:31:25.714838+00	2025-10-16 17:31:25.7151+00	2025-10-16 17:31:25.715103+00	\N	f	f
518	f	\N	7837	ООО "Дока-Генные Технологии", Россия	2025-10-16 17:31:25.71587+00	2025-10-16 17:31:25.716095+00	2025-10-16 17:31:25.716098+00	\N	f	f
546	f	\N	5765	Monsanto Vegetable IP Menegement B.V., Нидерланды	2025-10-22 07:34:02.453218+00	2025-10-16 17:31:25.731488+00	2025-10-22 07:34:02.453237+00	439	f	f
528	f	\N	7781	ООО "НПК "Серый хлеб Урала"	2025-10-16 17:31:25.720536+00	2025-10-16 17:31:25.720886+00	2025-10-16 17:31:25.720888+00	\N	f	f
1150	f	\N	8153	Западно-Сибирская овощекартофельная опытная станция88.	2025-10-22 07:34:02.538734+00	2025-10-22 07:34:02.539013+00	2025-10-22 07:34:02.539015+00	87	f	f
1151	f	\N	6533	Зыряновский селекционно-семеноводческий опорный пункт Восточно-Казахстанского научно-исследовательского института сельского хозяйства	2025-10-22 07:34:02.539626+00	2025-10-22 07:34:02.539886+00	2025-10-22 07:34:02.539889+00	256	f	f
1152	f	\N	8198	Ивано-Франковский научно-исследовательский институт крестоцветных культур158.	2025-10-22 07:34:02.54015+00	2025-10-22 07:34:02.540391+00	2025-10-22 07:34:02.540393+00	157	f	f
534	f	\N	5999	ООО " Селекционно-семеноводческая фирма "Манул"	2025-10-16 17:31:25.724425+00	2025-10-16 17:31:25.72483+00	2025-10-16 17:31:25.724834+00	\N	f	f
506	f	\N	7362	Общество с ограниченной ответственностью «Агроплазма», Россия	2025-10-22 07:34:02.61298+00	2025-10-16 17:31:25.709501+00	2025-10-22 07:34:02.613002+00	359	f	f
512	f	\N	6395	Общество с ограниченной ответственностью «Актив Агро», Россия	2025-10-22 07:34:02.615482+00	2025-10-16 17:31:25.712101+00	2025-10-22 07:34:02.615502+00	422	f	f
541	f	\N	7808	ООО "Текджан Тохумджулук"	2025-10-16 17:31:25.727993+00	2025-10-16 17:31:25.728231+00	2025-10-16 17:31:25.728234+00	\N	f	f
513	f	\N	6013	Общество с ограниченной ответственностью «Всерусский научно-исследовательский институт сорго и сои «Славянское поле», Россия	2025-10-22 07:34:02.615986+00	2025-10-16 17:31:25.712764+00	2025-10-22 07:34:02.616009+00	377	f	f
520	f	\N	6175	Общество с ограниченной ответственностью Инновационно производственная агрофирма «Отбор», Россия	2025-10-22 07:34:02.61749+00	2025-10-16 17:31:25.717059+00	2025-10-22 07:34:02.617509+00	388	f	f
522	f	\N	5800	Общество с ограниченной ответственностью Компания «СОКО», Россия	2025-10-22 07:34:02.619634+00	2025-10-16 17:31:25.718008+00	2025-10-22 07:34:02.619665+00	426	f	f
549	f	\N	5766	Отдел селекции семеноводства подсолнечника	2025-10-16 17:31:25.732729+00	2025-10-16 17:31:25.73294+00	2025-10-16 17:31:25.732943+00	\N	f	f
523	f	\N	6582	Общество с ограниченной ответственностью Кукурузокалибровочный завод «Золотой початок», Россия	2025-10-22 07:34:02.620281+00	2025-10-16 17:31:25.718466+00	2025-10-22 07:34:02.620301+00	438	f	f
524	f	\N	6328	Общество с ограниченной ответственностью «Научно-исследовательская компания зерновых культур», Венгрия	2025-10-22 07:34:02.620822+00	2025-10-16 17:31:25.718932+00	2025-10-22 07:34:02.620848+00	411	f	f
545	f	\N	5949	Общество с ограниченной ответственностью «ЭКОНива-Семена», Россия	2025-10-22 07:34:02.630152+00	2025-10-16 17:31:25.730926+00	2025-10-22 07:34:02.630173+00	449	f	f
504	f	\N	7731	Федеральное государственное бюджетное учреждение науки «Самарский федеральный исследовательский центр Российской академии наук», Россия	2025-10-22 07:34:02.759833+00	2025-10-16 17:31:25.708653+00	2025-10-22 07:34:02.759858+00	451	f	f
525	f	\N	7768	Общество с ограниченной ответственностью «Научно-исследовательский институт сои», Украина	2025-10-22 07:34:02.62204+00	2025-10-16 17:31:25.719394+00	2025-10-22 07:34:02.622061+00	327	f	f
530	f	\N	6879	Общество с ограниченной ответственностью «Научно производственное объединение «Семеноводство Кубани», Россия	2025-10-22 07:34:02.623542+00	2025-10-16 17:31:25.721957+00	2025-10-22 07:34:02.62356+00	406	f	f
536	f	\N	7530	Общество с ограниченной ответственностью «Семенная Лига», Россия	2025-10-22 07:34:02.627276+00	2025-10-16 17:31:25.725892+00	2025-10-22 07:34:02.627295+00	463	f	f
543	f	\N	6993	Общество с ограниченной ответственностью «ТСО-Саратов», Россия	2025-10-22 07:34:02.627923+00	2025-10-16 17:31:25.729414+00	2025-10-22 07:34:02.627951+00	371	f	f
544	f	\N	5820	Общество с ограниченной ответственностью «Фабалес», Россия	2025-10-22 07:34:02.628744+00	2025-10-16 17:31:25.73013+00	2025-10-22 07:34:02.628768+00	354	f	f
540	f	\N	7838	Южно-Уральский научно-исследовательский институт плодоводства и картофелеводства	2025-10-22 07:34:02.803582+00	2025-10-16 17:31:25.727735+00	2025-10-22 07:34:02.803605+00	149	f	f
552	f	\N	7523	ОХМК	2025-10-16 17:31:25.734199+00	2025-10-16 17:31:25.73441+00	2025-10-16 17:31:25.734412+00	\N	f	f
559	f	\N	6298	помологический сад	2025-10-16 17:31:25.737737+00	2025-10-16 17:31:25.738117+00	2025-10-16 17:31:25.738121+00	\N	f	f
571	f	\N	7357	Рапуль Казахстан (Саl West Seeds) 	2025-10-16 17:31:25.743931+00	2025-10-16 17:31:25.744162+00	2025-10-16 17:31:25.744165+00	\N	f	f
572	f	\N	7791	РВА Райфайзен Варе Австрия АО	2025-10-16 17:31:25.744377+00	2025-10-16 17:31:25.744596+00	2025-10-16 17:31:25.744598+00	\N	f	f
550	f	\N	6943	Акционерное общество «ЯССЫ», Туркестанская область	2025-10-22 07:34:02.476083+00	2025-10-16 17:31:25.733357+00	2025-10-22 07:34:02.476103+00	279	f	f
582	f	\N	6085	РГКП НИИ каракулеводства	2025-10-16 17:31:25.749875+00	2025-10-16 17:31:25.750095+00	2025-10-16 17:31:25.750097+00	\N	f	f
585	f	\N	6192	Дочернее государственное предприятие «Институт биологии и биотехнологии растений» Национального центра биотехнологии Республики Казахстан Комитета науки Министерства образования и науки Республики Казахстан	2025-10-22 07:34:02.527403+00	2025-10-16 17:31:25.751429+00	2025-10-22 07:34:02.527422+00	16	f	f
1153	f	\N	8110	Илийский комплексный сортоучасток Алматинской области15.	2025-10-22 07:34:02.541613+00	2025-10-22 07:34:02.541873+00	2025-10-22 07:34:02.541875+00	14	f	f
1154	f	\N	7896	Институт биоэнергетических культур и сахарной свеклы Украинской академии аграрных наук, Украина	2025-10-22 07:34:02.542777+00	2025-10-22 07:34:02.543052+00	2025-10-22 07:34:02.543055+00	361	f	f
442	f	\N	5797	Институт ботаники и фитоинтродукции растений Академии наук Республики Казахстан	2025-10-22 07:34:02.543562+00	2025-10-16 17:31:25.676127+00	2025-10-22 07:34:02.543583+00	15	f	f
1155	f	\N	8199	Институт винограда и вина «Магарач» (Украина)159.	2025-10-22 07:34:02.543863+00	2025-10-22 07:34:02.544162+00	2025-10-22 07:34:02.544165+00	158	f	f
1156	f	\N	6745	Институт гельминтологии имени К.С. Скрябина	2025-10-22 07:34:02.544614+00	2025-10-22 07:34:02.54493+00	2025-10-22 07:34:02.544934+00	88	f	f
593	f	\N	7753	РГП «Научноисследовательский институт проблем биологической безопасности» Министерства здравоохранения Республики Казахстан	2025-10-16 17:31:25.755286+00	2025-10-16 17:31:25.755632+00	2025-10-16 17:31:25.755634+00	\N	f	f
551	f	\N	7261	Оригинатор не зарегистрирован	2025-10-22 07:34:02.637008+00	2025-10-16 17:31:25.733983+00	2025-10-22 07:34:02.637035+00	1	f	f
562	f	\N	6190	Приднестровский научно-исследовательский институт сельского хозяйства	2025-10-22 07:34:02.645315+00	2025-10-16 17:31:25.739862+00	2025-10-22 07:34:02.645337+00	212	f	f
563	f	\N	7312	Производственный кооператив «Имени Ходжа Ахмеда Яссави», город Шымкент	2025-10-22 07:34:02.647075+00	2025-10-16 17:31:25.74035+00	2025-10-22 07:34:02.647094+00	250	f	f
567	f	\N	6274	Профген до Бразилия ЛТДА (лимитада), Бразилия	2025-10-22 07:34:02.648162+00	2025-10-16 17:31:25.742293+00	2025-10-22 07:34:02.648184+00	306	f	f
592	f	\N	7634	Республиканское государственное казенное предприятие «Национальный центр по биотехнологии Республики Казахстан», город Степногорск	2025-10-22 07:34:02.653563+00	2025-10-16 17:31:25.754825+00	2025-10-22 07:34:02.653582+00	281	f	f
600	f	\N	6164	РГП НПЦ переробатыв. и пищевой промышленности	2025-10-16 17:31:25.759113+00	2025-10-16 17:31:25.759361+00	2025-10-16 17:31:25.759364+00	\N	f	f
609	f	\N	7089	Роберт Гебриэл, США	2025-10-16 17:31:25.763699+00	2025-10-16 17:31:25.76403+00	2025-10-16 17:31:25.764033+00	\N	f	f
613	f	\N	6056	Рурал Девелопмент Администрейшн, Корея	2025-10-16 17:31:25.765906+00	2025-10-16 17:31:25.76612+00	2025-10-16 17:31:25.766123+00	\N	f	f
623	f	\N	7035	Секобра- 	2025-10-16 17:31:25.770082+00	2025-10-16 17:31:25.770289+00	2025-10-16 17:31:25.770292+00	\N	f	f
628	f	\N	7793	Семиллас Батлле, С.А	2025-10-16 17:31:25.773451+00	2025-10-16 17:31:25.773775+00	2025-10-16 17:31:25.773777+00	\N	f	f
616	f	\N	6310	GOLDEN WEST SEED BULGARIA (limited trade development), Болгария	2025-10-22 07:34:02.443015+00	2025-10-16 17:31:25.767363+00	2025-10-22 07:34:02.443034+00	372	f	f
619	f	\N	6167	Алнарпская опытная станция садоводства, Швеция	2025-10-22 07:34:02.47821+00	2025-10-16 17:31:25.768617+00	2025-10-22 07:34:02.478249+00	257	f	f
639	f	\N	6902	В.В. Воронин	2025-10-22 07:34:02.494567+00	2025-10-16 17:31:25.779154+00	2025-10-22 07:34:02.494591+00	297	f	f
1157	f	\N	8200	Институт садоводства Украинской аграрной академии наук160.	2025-10-22 07:34:02.547376+00	2025-10-22 07:34:02.547652+00	2025-10-22 07:34:02.547654+00	159	f	f
1158	f	\N	8154	Институт химической физики имени Н.Н. Семенова Российской академии наук90.	2025-10-22 07:34:02.549792+00	2025-10-22 07:34:02.550079+00	2025-10-22 07:34:02.550082+00	89	f	f
637	f	\N	5710	Синцзянская компания науки и технологии семенной промышленности КэПуЛи ЛТД, Китай	2025-10-16 17:31:25.77795+00	2025-10-16 17:31:25.778189+00	2025-10-16 17:31:25.778192+00	\N	f	f
638	f	\N	6577	СКНИИ СХ; ТОО "СКНИИ СХ" 	2025-10-16 17:31:25.778421+00	2025-10-16 17:31:25.778644+00	2025-10-16 17:31:25.778647+00	\N	f	f
1159	f	\N	8155	Йыгеваская селекционная станция93.	2025-10-22 07:34:02.553826+00	2025-10-22 07:34:02.55411+00	2025-10-22 07:34:02.554112+00	92	f	f
1160	f	\N	5916	Кабардино-Балкарская государственная сельскохозяйственная опытная станция	2025-10-22 07:34:02.554486+00	2025-10-22 07:34:02.554835+00	2025-10-22 07:34:02.554837+00	93	f	f
1161	f	\N	8111	Казахская зональная опытная станция18.	2025-10-22 07:34:02.555169+00	2025-10-22 07:34:02.555463+00	2025-10-22 07:34:02.555466+00	17	f	f
1162	f	\N	8269	Казахский государственный национальный университет имени Аль-Фараби256.	2025-10-22 07:34:02.556445+00	2025-10-22 07:34:02.556699+00	2025-10-22 07:34:02.556701+00	255	f	f
1163	f	\N	6848	Казахский НИИ каракульеводства	2025-10-22 07:34:02.557603+00	2025-10-22 07:34:02.557866+00	2025-10-22 07:34:02.557868+00	\N	f	f
1164	f	\N	8289	Камут предприятия Европы353.	2025-10-22 07:34:02.558794+00	2025-10-22 07:34:02.55907+00	2025-10-22 07:34:02.559072+00	352	f	f
605	f	\N	6473	Республиканское государственное казенное предприятие «Келеский», Туркестанская область	2025-10-22 07:34:02.65244+00	2025-10-16 17:31:25.761552+00	2025-10-22 07:34:02.652458+00	278	f	f
649	f	\N	7264	США в 1880 году	2025-10-16 17:31:25.784475+00	2025-10-16 17:31:25.784702+00	2025-10-16 17:31:25.784705+00	\N	f	f
612	f	\N	6038	Республиканское унитарное предприятие «Научно-Практический центр Национальной академии наук Беларуси по земледелию», Республика Беларусь	2025-10-22 07:34:02.654137+00	2025-10-16 17:31:25.765683+00	2025-10-22 07:34:02.654159+00	362	f	f
615	f	\N	7193	Саката Сид Корпорейшн, Япония	2025-10-22 07:34:02.655778+00	2025-10-16 17:31:25.766953+00	2025-10-22 07:34:02.655797+00	303	f	f
617	f	\N	6162	Самарский научно-исследовательский институт сельского хозяйства имени Н.М. Тулайкова	2025-10-22 07:34:02.657196+00	2025-10-16 17:31:25.767803+00	2025-10-22 07:34:02.657217+00	129	f	f
648	f	\N	6671	Сельскохозяйственный производственный кооператив семеноводческая фирма «Картофель»	2025-10-22 07:34:02.663554+00	2025-10-16 17:31:25.784254+00	2025-10-22 07:34:02.663574+00	277	f	f
599	f	\N	6776	Сибирский научно-исследовательский институт растениеводства и селекции	2025-10-22 07:34:02.666348+00	2025-10-16 17:31:25.75887+00	2025-10-22 07:34:02.666368+00	137	f	f
640	f	\N	6996	«Соларис хибриди» д.о.о., Сербия	2025-10-22 07:34:02.669803+00	2025-10-16 17:31:25.779723+00	2025-10-22 07:34:02.669822+00	443	f	f
629	f	\N	5784	Фирма «Семинис», Нидерланды	2025-10-22 07:34:02.782973+00	2025-10-16 17:31:25.774335+00	2025-10-22 07:34:02.782993+00	293	f	f
654	f	\N	7732	Тик Энтепрайсиз Пти Лимитед (AU)(TEAK ENTERPRISES Pty Limited, AU)	2025-10-16 17:31:25.786753+00	2025-10-16 17:31:25.786979+00	2025-10-16 17:31:25.786982+00	\N	f	f
655	f	\N	7358	Типа Хендриксон	2025-10-16 17:31:25.787202+00	2025-10-16 17:31:25.787471+00	2025-10-16 17:31:25.787474+00	\N	f	f
658	f	\N	7494	Томаровский Петр Федоровия	2025-10-16 17:31:25.789134+00	2025-10-16 17:31:25.789391+00	2025-10-16 17:31:25.789394+00	\N	f	f
665	f	\N	7745	ТОО EVS Group,Команов Евгений Николаевич	2025-10-16 17:31:25.792488+00	2025-10-16 17:31:25.792706+00	2025-10-16 17:31:25.792708+00	\N	f	f
667	f	\N	6869	ТОО"PAM DIO Science" РК.Лимагрейн Вернель Холдинг 	2025-10-16 17:31:25.793315+00	2025-10-16 17:31:25.793524+00	2025-10-16 17:31:25.793526+00	\N	f	f
668	f	\N	6694	ТОО "RAM Bioseience" РК.Limagrain Europa SA 	2025-10-16 17:31:25.793731+00	2025-10-16 17:31:25.793938+00	2025-10-16 17:31:25.79394+00	\N	f	f
669	f	\N	7672	ТОО "RAM Bioseience" РК.Nicerson international Research SNC 	2025-10-16 17:31:25.79414+00	2025-10-16 17:31:25.794349+00	2025-10-16 17:31:25.794351+00	\N	f	f
677	f	\N	6341	ТОО"Агро Италия Казахстан" ТОО Лайон Сиде (Италия)	2025-10-16 17:31:25.798762+00	2025-10-16 17:31:25.798995+00	2025-10-16 17:31:25.798997+00	\N	f	f
662	f	\N	5947	Barenburg Hollang B.V. (Besloten Vennootschap), Нидерланды	2025-10-22 07:34:02.428849+00	2025-10-16 17:31:25.791387+00	2025-10-22 07:34:02.428869+00	398	f	f
664	f	\N	6176	Gebroeders Bakker Zaadteelt en Zaadhandel B.V., Нидерланды	2025-10-22 07:34:02.441058+00	2025-10-16 17:31:25.792266+00	2025-10-22 07:34:02.441078+00	440	f	f
666	f	\N	6071	Strube D&S GmbH, Германия	2025-10-22 07:34:02.46492+00	2025-10-16 17:31:25.793115+00	2025-10-22 07:34:02.464941+00	241	f	f
1165	f	\N	6574	Карабалыкская сельскохозяйственная опытная станция	2025-10-22 07:34:02.559605+00	2025-10-22 07:34:02.559873+00	2025-10-22 07:34:02.559875+00	24	f	f
685	f	\N	7173	ТОО "Ак Бидай Агро"	2025-10-16 17:31:25.802291+00	2025-10-16 17:31:25.802544+00	2025-10-16 17:31:25.802547+00	\N	f	f
1166	f	\N	6721	Карагандинская сельскохозяйственная опытная станция	2025-10-22 07:34:02.5604+00	2025-10-22 07:34:02.56067+00	2025-10-22 07:34:02.560672+00	261	f	f
1167	f	\N	5846	Карагандинский научно-исследовательский институт растениеводства и селекции	2025-10-22 07:34:02.560974+00	2025-10-22 07:34:02.56145+00	2025-10-22 07:34:02.561452+00	43	f	f
1168	f	\N	8112	Карагандинский овощной государственный сортоиспытательный участок26.	2025-10-22 07:34:02.561797+00	2025-10-22 07:34:02.562141+00	2025-10-22 07:34:02.562145+00	25	f	f
1169	f	\N	8225	Каракалпакский научно исследовательский институт земледелия188.	2025-10-22 07:34:02.562494+00	2025-10-22 07:34:02.56279+00	2025-10-22 07:34:02.562792+00	187	f	f
1170	f	\N	8226	Каракалпакский филиал Академии наук Узбекистана189.	2025-10-22 07:34:02.563105+00	2025-10-22 07:34:02.563405+00	2025-10-22 07:34:02.563407+00	188	f	f
676	f	\N	6104	Общество с ограниченной ответственностью «Агрокомплекс» Кургансемена», город Курган, Россия	2025-10-22 07:34:02.61231+00	2025-10-16 17:31:25.798489+00	2025-10-22 07:34:02.61234+00	282	f	f
657	f	\N	6795	Товарищество с ограниченной ответсвенностью  фирма "КОЛОС"	2025-10-22 07:34:02.677509+00	2025-10-16 17:31:25.788838+00	2025-10-22 07:34:02.677529+00	287	f	f
695	f	\N	6903	ТОО "Алем Агро" LTD ОЗ Алтын Тарим Шилетмелеры Сан.Ве Тик А.Ш. - 	2025-10-16 17:31:25.808446+00	2025-10-16 17:31:25.808679+00	2025-10-16 17:31:25.808682+00	\N	f	f
672	f	\N	5851	Товарищество с ограниченной ответственностью «STEV AGRO», Казахстан	2025-10-22 07:34:02.678157+00	2025-10-16 17:31:25.795711+00	2025-10-22 07:34:02.67818+00	435	f	f
678	f	\N	6919	Товарищество с ограниченной ответственностью «Агросемконсалт»	2025-10-22 07:34:02.678873+00	2025-10-16 17:31:25.799447+00	2025-10-22 07:34:02.678896+00	275	f	f
699	f	\N	6301	ТОО "Алем Агро" ЛТД, G.I.E. Grass	2025-10-16 17:31:25.810287+00	2025-10-16 17:31:25.810517+00	2025-10-16 17:31:25.810519+00	\N	f	f
674	f	\N	6509	Тракийский сельскохозяйственный научно-исследовательский институт, Турция	2025-10-22 07:34:02.704808+00	2025-10-16 17:31:25.79713+00	2025-10-22 07:34:02.704834+00	418	f	f
684	f	\N	5853	Фирма «Сатимекс», Германия	2025-10-22 07:34:02.781941+00	2025-10-16 17:31:25.802082+00	2025-10-22 07:34:02.78196+00	290	f	f
703	f	\N	7250	ТОО"АРС RAGT 2N 	2025-10-16 17:31:25.812452+00	2025-10-16 17:31:25.812729+00	2025-10-16 17:31:25.812731+00	\N	f	f
706	f	\N	6325	ТОО "АРС АгроПлюс (Штробе ГмБХ) - 	2025-10-16 17:31:25.814455+00	2025-10-16 17:31:25.814715+00	2025-10-16 17:31:25.814718+00	\N	f	f
708	f	\N	7512	ТОО "А.С.К. Техник" Biotek Tohumculuk Tar,Ur.San.Tic.Ltd.Sti	2025-10-16 17:31:25.815437+00	2025-10-16 17:31:25.815652+00	2025-10-16 17:31:25.815655+00	\N	f	f
723	f	\N	7762	Cельскохозяйственный производственный кооператив «Будан», Казахстан	2025-10-22 07:34:02.433708+00	2025-10-16 17:31:25.824042+00	2025-10-22 07:34:02.433727+00	270	f	f
717	f	\N	6004	ТОО "Аят Транс Трейд"  Агрико И.А - 	2025-10-16 17:31:25.819416+00	2025-10-16 17:31:25.819637+00	2025-10-16 17:31:25.81964+00	\N	f	f
709	f	\N	7081	PROGEN TOHUM, Турция	2025-10-22 07:34:02.456869+00	2025-10-16 17:31:25.816123+00	2025-10-22 07:34:02.456892+00	484	f	f
722	f	\N	6263	Toft Plant Breeding APS, Дания	2025-10-22 07:34:02.465665+00	2025-10-16 17:31:25.823571+00	2025-10-22 07:34:02.465684+00	485	f	f
710	f	\N	6205	Евро Грасс Бридинг ГмбХ и Ко КГ, Германия	2025-10-22 07:34:02.529354+00	2025-10-16 17:31:25.816555+00	2025-10-22 07:34:02.529379+00	314	f	f
721	f	\N	6219	ТОО "Био-НАН"	2025-10-16 17:31:25.822471+00	2025-10-16 17:31:25.82288+00	2025-10-16 17:31:25.822883+00	\N	f	f
1171	f	\N	8113	Каратальское опытное поле Казахского научно-исследовательского института земледелия27.	2025-10-22 07:34:02.563751+00	2025-10-22 07:34:02.564014+00	2025-10-22 07:34:02.564016+00	26	f	f
1172	f	\N	8201	Киевская овощекартофельная опытная станция161.	2025-10-22 07:34:02.565021+00	2025-10-22 07:34:02.565286+00	2025-10-22 07:34:02.565289+00	160	f	f
726	f	\N	6461	ТОО Ворлд Вайд Вит США	2025-10-16 17:31:25.825222+00	2025-10-16 17:31:25.825464+00	2025-10-16 17:31:25.825467+00	\N	f	f
1173	f	\N	8241	Киргизская опытная станция хлопководства204.	2025-10-22 07:34:02.565559+00	2025-10-22 07:34:02.565801+00	2025-10-22 07:34:02.565803+00	203	f	f
729	f	\N	6468	ТОО Генезис - М Floromond Besprez Veure et Fils, Франция -	2025-10-16 17:31:25.826624+00	2025-10-16 17:31:25.826864+00	2025-10-16 17:31:25.826866+00	\N	f	f
1174	f	\N	8239	Киргизский научно исследовательский институт земледелия202.	2025-10-22 07:34:02.566062+00	2025-10-22 07:34:02.566362+00	2025-10-22 07:34:02.566365+00	201	f	f
1175	f	\N	8240	Киргизский научно-исследовательский технологический институт пастбищ и кормов203.	2025-10-22 07:34:02.566674+00	2025-10-22 07:34:02.566973+00	2025-10-22 07:34:02.566975+00	202	f	f
1176	f	\N	6117	«Клоз» Франция	2025-10-22 07:34:02.567309+00	2025-10-22 07:34:02.567565+00	2025-10-22 07:34:02.567567+00	308	f	f
734	f	\N	6798	ТОО "Жолбарыс Агро" 	2025-10-16 17:31:25.829039+00	2025-10-16 17:31:25.82945+00	2025-10-16 17:31:25.829453+00	\N	f	f
1177	f	\N	5828	Кокшетауский филиал Научно-производственного центра зернового хозяйства имени А.И. Бараева	2025-10-22 07:34:02.568474+00	2025-10-22 07:34:02.568749+00	2025-10-22 07:34:02.568752+00	27	f	f
1178	f	\N	6391	«Континентал Семенсиз», Италия	2025-10-22 07:34:02.572235+00	2025-10-22 07:34:02.572506+00	2025-10-22 07:34:02.572508+00	397	f	f
1179	f	\N	6011	Краснодарский научно-исследовательский институт овощного и картофельного хозяйства	2025-10-22 07:34:02.574141+00	2025-10-22 07:34:02.574388+00	2025-10-22 07:34:02.57439+00	95	f	f
1180	f	\N	7761	Крестьянское хозяйство "Иван"	2025-10-22 07:34:02.577704+00	2025-10-22 07:34:02.578225+00	2025-10-22 07:34:02.578233+00	468	f	f
1181	f	\N	8156	Крымская опытная станция садоводства101.	2025-10-22 07:34:02.579659+00	2025-10-22 07:34:02.579989+00	2025-10-22 07:34:02.579992+00	100	f	f
1182	f	\N	8157	Крымская селекционно-опытная станция Всероссийского научно-исследовательского института растениеводства102.	2025-10-22 07:34:02.580347+00	2025-10-22 07:34:02.580668+00	2025-10-22 07:34:02.58067+00	101	f	f
1183	f	\N	8158	Кубанский сельскохозяйственный институт103.	2025-10-22 07:34:02.580991+00	2025-10-22 07:34:02.581335+00	2025-10-22 07:34:02.581338+00	102	f	f
1184	f	\N	8159	Куйбышевская зональная опытная станция садоводства104.	2025-10-22 07:34:02.581731+00	2025-10-22 07:34:02.581982+00	2025-10-22 07:34:02.581984+00	103	f	f
1185	f	\N	6923	Курганский научно исследовательский институт зернового хозяйства	2025-10-22 07:34:02.58228+00	2025-10-22 07:34:02.58258+00	2025-10-22 07:34:02.582583+00	104	f	f
1186	f	\N	8160	Лаборатория гельминтологии Российской академии наук106.	2025-10-22 07:34:02.583425+00	2025-10-22 07:34:02.583689+00	2025-10-22 07:34:02.583691+00	105	f	f
1187	f	\N	8286	«Лайон Сидс» (LION SEEDS), Великобритания339.	2025-10-22 07:34:02.584467+00	2025-10-22 07:34:02.584714+00	2025-10-22 07:34:02.584716+00	338	f	f
1188	f	\N	8161	Ленинградский опорный пункт Института общей генетики Российской академии наук107.	2025-10-22 07:34:02.585209+00	2025-10-22 07:34:02.585474+00	2025-10-22 07:34:02.585476+00	106	f	f
6	f	\N	6870	Лимагрейн Европа, Франция	2025-10-22 07:34:02.585979+00	2025-10-16 17:31:25.448707+00	2025-10-22 07:34:02.586007+00	317	f	f
1189	f	\N	8252	Литовский научно-исследовательский институт плодоовощного хозяйства (Витенская плодовоовощная опытная станция)218.	2025-10-22 07:34:02.586373+00	2025-10-22 07:34:02.586676+00	2025-10-22 07:34:02.586679+00	217	f	f
1190	f	\N	8202	Луганская государственная областная сельскохозяйственная опытная станция162.	2025-10-22 07:34:02.586991+00	2025-10-22 07:34:02.587303+00	2025-10-22 07:34:02.587306+00	161	f	f
737	f	\N	6055	Фирма «Агрико», Нидерланды	2025-10-22 07:34:02.770155+00	2025-10-16 17:31:25.831824+00	2025-10-22 07:34:02.770184+00	223	f	f
943	f	\N	6269	Прикумский филиал Ставропольского научно-исследовательского института сельского хозяйства	2025-10-22 07:34:02.646548+00	2025-10-16 17:31:25.940457+00	2025-10-22 07:34:02.646568+00	127	f	f
750	f	\N	5863	Товарищество с ограниченной ответственностью «Казахский научно-исследовательский институт животноводства и кормопроизводства»	2025-10-22 07:34:02.681809+00	2025-10-16 17:31:25.838787+00	2025-10-22 07:34:02.681831+00	22	f	f
774	f	\N	6665	Акционерное общество «Солодовенный завод Суффле Казахстан»	2025-10-22 07:34:02.475054+00	2025-10-16 17:31:25.850734+00	2025-10-22 07:34:02.475073+00	325	f	f
784	f	\N	6784	Ист-Моллингская опытная станция садоводства, Англия	2025-10-22 07:34:02.553419+00	2025-10-16 17:31:25.856055+00	2025-10-22 07:34:02.553447+00	258	f	f
780	f	\N	5836	Казахский научно-исследовательский институт плодоводства и виноградарства	2025-10-22 07:34:02.557264+00	2025-10-16 17:31:25.853644+00	2025-10-22 07:34:02.557285+00	23	f	f
1191	f	\N	8162	Льговская опытная селекционная станция108.	2025-10-22 07:34:02.587624+00	2025-10-22 07:34:02.587915+00	2025-10-22 07:34:02.587918+00	107	f	f
1192	f	\N	8163	Майкопская опытная станция Всероссийского научно исследовательской института растениеводства109.	2025-10-22 07:34:02.588257+00	2025-10-22 07:34:02.588511+00	2025-10-22 07:34:02.588514+00	108	f	f
1193	f	\N	8203	Мироновский институт пшеницы имени В.Н. Ремесло163.	2025-10-22 07:34:02.59065+00	2025-10-22 07:34:02.590894+00	2025-10-22 07:34:02.590896+00	162	f	f
1194	f	\N	8164	Мичуринский государственный аграрный университет110.	2025-10-22 07:34:02.591218+00	2025-10-22 07:34:02.591469+00	2025-10-22 07:34:02.591471+00	109	f	f
1195	f	\N	8204	Млиевский научно-исследовательский институт садоводства лесостепи Украины имени Л.П. Симиренко164.	2025-10-22 07:34:02.591981+00	2025-10-22 07:34:02.59226+00	2025-10-22 07:34:02.592262+00	163	f	f
1196	f	\N	8246	Молдавский научно-исследовательский институт виноградарства и виноделия210.	2025-10-22 07:34:02.592547+00	2025-10-22 07:34:02.592806+00	2025-10-22 07:34:02.592809+00	209	f	f
1197	f	\N	8247	Молдавский научно-исследовательский институт орошаемого земледелия и овощеводства211.	2025-10-22 07:34:02.593057+00	2025-10-22 07:34:02.593316+00	2025-10-22 07:34:02.593319+00	210	f	f
1198	f	\N	8284	Монич Руслан Васильевич, Украина327.	2025-10-22 07:34:02.594212+00	2025-10-22 07:34:02.594523+00	2025-10-22 07:34:02.594526+00	326	f	f
1199	f	\N	8165	Московское отделение Всероссийского научно-исследовательского института растениеводства111.	2025-10-22 07:34:02.594848+00	2025-10-22 07:34:02.595151+00	2025-10-22 07:34:02.595154+00	110	f	f
1200	f	\N	8205	Научно-исследовательский институт земледелия и животноводства западных районов Украины165.	2025-10-22 07:34:02.596211+00	2025-10-22 07:34:02.596488+00	2025-10-22 07:34:02.596491+00	164	f	f
1201	f	\N	8206	Научно-исследовательский институт кукурузы Украины166.	2025-10-22 07:34:02.597273+00	2025-10-22 07:34:02.59755+00	2025-10-22 07:34:02.597553+00	165	f	f
1202	f	\N	8270	Научно-исследовательский институт садоводства имени Джона Инесса, город Мертон, Англия260.	2025-10-22 07:34:02.598422+00	2025-10-22 07:34:02.598671+00	2025-10-22 07:34:02.598673+00	259	f	f
1203	f	\N	8227	Научно-исследовательский институт селекции и семеноводства хлопчатника имени Г.С. Зайцева190.	2025-10-22 07:34:02.599481+00	2025-10-22 07:34:02.599723+00	2025-10-22 07:34:02.599725+00	189	f	f
1204	f	\N	8167	Научно-исследовательский институт сельского хозяйства Центрально-Черноземной полосы имени В.В. Докучаева114.	2025-10-22 07:34:02.600024+00	2025-10-22 07:34:02.600301+00	2025-10-22 07:34:02.600303+00	113	f	f
1205	f	\N	8168	Научно-исследовательский институт сельского хозяйства центральных районов Нечерноземной зоны116.	2025-10-22 07:34:02.6006+00	2025-10-22 07:34:02.60086+00	2025-10-22 07:34:02.600862+00	115	f	f
781	f	\N	6545	Товарищество с ограниченной ответственностью «Казахский научно-исследовательский институт лесного хозяйства и агролесомелиорации имени А.Н. Букейхана», Казахстан	2025-10-22 07:34:02.683389+00	2025-10-16 17:31:25.854156+00	2025-10-22 07:34:02.68341+00	462	f	f
777	f	\N	5870	Товарищество с ограниченной ответственностью «Казахский научно-исследовательский институт рисоводства имени И. Жахаева»	2025-10-22 07:34:02.684493+00	2025-10-16 17:31:25.852278+00	2025-10-22 07:34:02.68451+00	31	f	f
801	f	\N	6067	ТОО"Кокше-Диал" Мэй Агро Тохумкулук Санай ве Тикарет 	2025-10-16 17:31:25.864499+00	2025-10-16 17:31:25.864829+00	2025-10-16 17:31:25.864832+00	\N	f	f
802	f	\N	7819	ТОО "Корпорация NEXAGRO"	2025-10-16 17:31:25.8651+00	2025-10-16 17:31:25.86534+00	2025-10-16 17:31:25.865343+00	\N	f	f
803	f	\N	7758	ТОО "Кортаева Агрисаенс Казахстан"	2025-10-16 17:31:25.865568+00	2025-10-16 17:31:25.865819+00	2025-10-16 17:31:25.865822+00	\N	f	f
836	f	\N	6244	Agroscope Changins – Wädenswil ACW, Швейцария	2025-10-22 07:34:02.425539+00	2025-10-16 17:31:25.884143+00	2025-10-22 07:34:02.42556+00	370	f	f
842	f	\N	6852	Ijselmeerpolders B.V. (Besloten Vennootschap) (Айзельмеерпольдерс Б.В.), Нидерланды	2025-10-22 07:34:02.444233+00	2025-10-16 17:31:25.886948+00	2025-10-22 07:34:02.444252+00	394	f	f
839	f	\N	6102	Saatzucht Fritz Lange KG, Германия	2025-10-22 07:34:02.461463+00	2025-10-16 17:31:25.885504+00	2025-10-22 07:34:02.461487+00	395	f	f
810	f	\N	6381	Красноводопадская селекционная опытная станция	2025-10-22 07:34:02.573835+00	2025-10-16 17:31:25.868976+00	2025-10-22 07:34:02.573855+00	29	f	f
1206	f	\N	8267	Научно-производственное объединение «Нива Татарстана»253.	2025-10-22 07:34:02.602239+00	2025-10-22 07:34:02.602505+00	2025-10-22 07:34:02.602507+00	252	f	f
1207	f	\N	7102	Научный институт полеводства и овощеводства «Новый сад», Сербия и Черногория	2025-10-22 07:34:02.606034+00	2025-10-22 07:34:02.606426+00	2025-10-22 07:34:02.606429+00	289	f	f
1208	f	\N	8268	Национальный ботанический сад имени Н.Н. Гришко Национальной Академии Наук Украины255.	2025-10-22 07:34:02.606779+00	2025-10-22 07:34:02.607029+00	2025-10-22 07:34:02.607031+00	254	f	f
816	f	\N	6425	ТОО НИИ КОХ 	2025-10-16 17:31:25.872837+00	2025-10-16 17:31:25.873138+00	2025-10-16 17:31:25.873141+00	\N	f	f
1209	f	\N	8166	Нижне-Волжский научно-исследовательский институт сельского хозяйства112.	2025-10-22 07:34:02.60776+00	2025-10-22 07:34:02.608001+00	2025-10-22 07:34:02.608003+00	111	f	f
1210	f	\N	8169	Новосибирская зональная плодово-ягодная опытная станция имени И.В. Мичурина117.	2025-10-22 07:34:02.608309+00	2025-10-22 07:34:02.608582+00	2025-10-22 07:34:02.608585+00	116	f	f
1211	f	\N	8170	Новосибирский сельскохозяйственный институт118.	2025-10-22 07:34:02.608906+00	2025-10-22 07:34:02.609208+00	2025-10-22 07:34:02.609211+00	117	f	f
1212	f	\N	6396	Общество с ограниченной ответственностью «Агростандарт», Россия	2025-10-22 07:34:02.613993+00	2025-10-22 07:34:02.61434+00	2025-10-22 07:34:02.614342+00	403	f	f
1213	f	\N	6748	Общество с ограниченной ответственностью «ГСА Агро», Россия	2025-10-22 07:34:02.616773+00	2025-10-22 07:34:02.617023+00	2025-10-22 07:34:02.617025+00	478	f	f
1214	f	\N	8301	Общество с ограниченной ответственностью «Интер – Логистик Плюс», Россия430.	2025-10-22 07:34:02.618029+00	2025-10-22 07:34:02.618311+00	2025-10-22 07:34:02.618313+00	429	f	f
1215	f	\N	6142	Общество с ограниченной ответственностью Компания «Соевый комплекс», Россия	2025-10-22 07:34:02.618652+00	2025-10-22 07:34:02.618911+00	2025-10-22 07:34:02.618913+00	329	f	f
529	f	\N	5942	Общество с ограниченной ответственностью «Научно-производственное объединение Алтай», Россия	2025-10-22 07:34:02.623041+00	2025-10-16 17:31:25.721383+00	2025-10-22 07:34:02.62306+00	425	f	f
1216	f	\N	7972	Общество с ограниченной ответственностью «Опеновское», Россия	2025-10-22 07:34:02.623806+00	2025-10-22 07:34:02.624057+00	2025-10-22 07:34:02.624059+00	446	f	f
1217	f	\N	8294	Общество с ограниченной ответственностью Опытно-внедренческое предприятие «Покровское», Россия388.	2025-10-22 07:34:02.624337+00	2025-10-22 07:34:02.624579+00	2025-10-22 07:34:02.624581+00	387	f	f
1218	f	\N	8285	Общество с ограниченной ответственностью «Прогрейн Евразия», Украина331.	2025-10-22 07:34:02.624857+00	2025-10-22 07:34:02.625117+00	2025-10-22 07:34:02.62512+00	330	f	f
835	f	\N	6103	Общество с ограниченной ответственностью «Российская гибридная индустрия», Россия	2025-10-22 07:34:02.625668+00	2025-10-16 17:31:25.88365+00	2025-10-22 07:34:02.625687+00	409	f	f
1219	f	\N	8293	Общество с ограниченной ответственностью «Селекционная фирма Гавриш», Россия382.	2025-10-22 07:34:02.625963+00	2025-10-22 07:34:02.626238+00	2025-10-22 07:34:02.62624+00	381	f	f
837	f	\N	5777	ТОО "Рапуль Казахстан" Deusche Saatveredelung	2025-10-16 17:31:25.88438+00	2025-10-16 17:31:25.884606+00	2025-10-16 17:31:25.884609+00	\N	f	f
1220	f	\N	8306	Общество с ограниченной ответственностью «Селекционно -семеноводческий центр «Отбор»465.	2025-10-22 07:34:02.626516+00	2025-10-22 07:34:02.626759+00	2025-10-22 07:34:02.626761+00	464	f	f
1221	f	\N	8300	Общество с ограниченной ответственностью «Штрубе Рус», Россия429.	2025-10-22 07:34:02.629109+00	2025-10-22 07:34:02.62946+00	2025-10-22 07:34:02.629463+00	428	f	f
1222	f	\N	8171	Овощная опытная станция имени В.И. Эдельштейна Тимирязевской сельскохозяйственной академии119.	2025-10-22 07:34:02.630462+00	2025-10-22 07:34:02.630708+00	2025-10-22 07:34:02.630711+00	118	f	f
834	f	\N	6201	Товарищество с ограниченной ответственностью «Потейтоу Велли Ко», Южная Корея	2025-10-22 07:34:02.688135+00	2025-10-16 17:31:25.883208+00	2025-10-22 07:34:02.688165+00	336	f	f
843	f	\N	6890	Фирма «Дойче Заатфеределюнг Актиенгезельшафт», Германия	2025-10-22 07:34:02.773781+00	2025-10-16 17:31:25.88763+00	2025-10-22 07:34:02.773801+00	291	f	f
1223	f	\N	8207	Одесская государственная областная сельскохозяйственная станция167.	2025-10-22 07:34:02.631+00	2025-10-22 07:34:02.631284+00	2025-10-22 07:34:02.631286+00	166	f	f
1224	f	\N	7795	ООО "ЕВРОСЕМ"	2025-10-22 07:34:02.632958+00	2025-10-22 07:34:02.633233+00	2025-10-22 07:34:02.633235+00	\N	f	f
1225	f	\N	7830	ООО "ОРАНДО" Украина	2025-10-22 07:34:02.633762+00	2025-10-22 07:34:02.634037+00	2025-10-22 07:34:02.634039+00	\N	f	f
831	f	\N	5955	Павлодарский научно исследовательский институт сельского хозяйства	2025-10-22 07:34:02.639336+00	2025-10-16 17:31:25.880779+00	2025-10-22 07:34:02.639355+00	30	f	f
819	f	\N	5993	Фирма «Черны», Чехия	2025-10-22 07:34:02.790173+00	2025-10-16 17:31:25.874651+00	2025-10-22 07:34:02.790195+00	322	f	f
856	f	\N	6983	ТОО "Рапуль Нидера СА" 	2025-10-16 17:31:25.894505+00	2025-10-16 17:31:25.894726+00	2025-10-16 17:31:25.894728+00	\N	f	f
858	f	\N	7380	ТОО "Рейс Зваан Казахстан"	2025-10-16 17:31:25.8954+00	2025-10-16 17:31:25.895621+00	2025-10-16 17:31:25.895625+00	\N	f	f
869	f	\N	6988	ISEA Srl, Италия	2025-10-22 07:34:02.446297+00	2025-10-16 17:31:25.901572+00	2025-10-22 07:34:02.446316+00	351	f	f
871	f	\N	5876	Государственное учреждение «Институт масличных культур Национальной академии аграрных наук Украины», Украина	2025-10-22 07:34:02.51908+00	2025-10-16 17:31:25.902418+00	2025-10-22 07:34:02.519105+00	391	f	f
90	f	\N	5757	Компания «Заатен Юнион», Германия	2025-10-22 07:34:02.569739+00	2025-10-16 17:31:25.493778+00	2025-10-22 07:34:02.569766+00	292	f	f
857	f	\N	5970	Мартонвашарский сельскохозяйственный институт, Венгрия	2025-10-22 07:34:02.590112+00	2025-10-16 17:31:25.895176+00	2025-10-22 07:34:02.590145+00	349	f	f
886	f	\N	6559	Общество с ограниченной ответственностью «Всеукраинский научный институт селекции (ВНИС)», Украина	2025-10-22 07:34:02.616481+00	2025-10-16 17:31:25.909817+00	2025-10-22 07:34:02.616501+00	444	f	f
1226	f	\N	8173	Опытная станция по картофелю "Елецкая"121.	2025-10-22 07:34:02.634758+00	2025-10-22 07:34:02.635064+00	2025-10-22 07:34:02.635066+00	120	f	f
1227	f	\N	8172	Опытная станция по картофелю "Ульяновская"120.	2025-10-22 07:34:02.635501+00	2025-10-22 07:34:02.635765+00	2025-10-22 07:34:02.635767+00	119	f	f
1228	f	\N	8174	Оренбургский научно-исследовательский институт сельского хозяйства122.	2025-10-22 07:34:02.636067+00	2025-10-22 07:34:02.636388+00	2025-10-22 07:34:02.63639+00	121	f	f
1229	f	\N	8175	Орловский научно исследовательский институт сельского хозяйства123.	2025-10-22 07:34:02.637377+00	2025-10-22 07:34:02.63766+00	2025-10-22 07:34:02.637663+00	122	f	f
1230	f	\N	8176	Павловская опытная станция Всероссийского научно исследовательского института растениеводства124.	2025-10-22 07:34:02.638563+00	2025-10-22 07:34:02.638801+00	2025-10-22 07:34:02.638803+00	123	f	f
1231	f	\N	7884	Пацификс Сиде (Австрия)	2025-10-22 07:34:02.63986+00	2025-10-22 07:34:02.640117+00	2025-10-22 07:34:02.640119+00	\N	f	f
1232	f	\N	8177	Поволжский научно-исследовательский институт селекции и семеноводства имени П.Н. Константинова126.	2025-10-22 07:34:02.640893+00	2025-10-22 07:34:02.641146+00	2025-10-22 07:34:02.641148+00	125	f	f
1233	f	\N	8208	Полесская опытная станция имени А.Н. Засухина168.	2025-10-22 07:34:02.641411+00	2025-10-22 07:34:02.641691+00	2025-10-22 07:34:02.641693+00	167	f	f
887	f	\N	7817	ТОО "Сорея-Нур"	2025-10-16 17:31:25.910029+00	2025-10-16 17:31:25.91024+00	2025-10-16 17:31:25.910243+00	\N	f	f
888	f	\N	6616	ТОО Сочьета Продуттори Сементи (Италия)	2025-10-16 17:31:25.910489+00	2025-10-16 17:31:25.910718+00	2025-10-16 17:31:25.910721+00	\N	f	f
870	f	\N	7616	Полтавская государственная аграрная академия, Украина	2025-10-22 07:34:02.642162+00	2025-10-16 17:31:25.902+00	2025-10-22 07:34:02.642181+00	384	f	f
1234	f	\N	8209	Полтавская государственная областная сельскохозяйственная опытная станция169.	2025-10-22 07:34:02.642435+00	2025-10-22 07:34:02.642694+00	2025-10-22 07:34:02.642696+00	168	f	f
1235	f	\N	8178	Полярная опытная станция Всероссийского научно исследовательской института растениеводства127.	2025-10-22 07:34:02.642973+00	2025-10-22 07:34:02.643229+00	2025-10-22 07:34:02.643231+00	126	f	f
1236	f	\N	8281	Представительство «СИММИТ Казахстан»316.	2025-10-22 07:34:02.643699+00	2025-10-22 07:34:02.643958+00	2025-10-22 07:34:02.64396+00	315	f	f
879	f	\N	5742	Фирма «Сингента Сидс С.А.», Франция	2025-10-22 07:34:02.786404+00	2025-10-16 17:31:25.906644+00	2025-10-22 07:34:02.786431+00	233	f	f
859	f	\N	5790	Фирма «HZPC», Нидерланды	2025-10-22 07:34:02.767385+00	2025-10-16 17:31:25.896271+00	2025-10-22 07:34:02.767407+00	244	f	f
1237	f	\N	8114	Пригородный овоще молочный совхоз Алматинской области33.	2025-10-22 07:34:02.644229+00	2025-10-22 07:34:02.644536+00	2025-10-22 07:34:02.64454+00	32	f	f
1238	f	\N	8254	Приекульская опытно селекционная станция, Латвия220.	2025-10-22 07:34:02.645628+00	2025-10-22 07:34:02.645943+00	2025-10-22 07:34:02.645945+00	219	f	f
1239	f	\N	7468	Производственный сельскохозяйственный кооператив «Опытное»	2025-10-22 07:34:02.647415+00	2025-10-22 07:34:02.647663+00	2025-10-22 07:34:02.647665+00	266	f	f
1240	f	\N	8179	Пушкинские лаборатории Всероссийского научно-исследовательского института растениеводства129.	2025-10-22 07:34:02.648491+00	2025-10-22 07:34:02.648744+00	2025-10-22 07:34:02.648746+00	128	f	f
1241	f	\N	8264	Рейхель Н.В.243.	2025-10-22 07:34:02.650591+00	2025-10-22 07:34:02.650836+00	2025-10-22 07:34:02.650838+00	242	f	f
1242	f	\N	7746	Репаблик оф Корея (Рурал Девелопмент Администрэйшн)	2025-10-22 07:34:02.651146+00	2025-10-22 07:34:02.651393+00	2025-10-22 07:34:02.651395+00	\N	f	f
1243	f	\N	8243	Республиканская селекционно семеноводческая станция овощных и бахчевых культур, Республика Армения206.	2025-10-22 07:34:02.651685+00	2025-10-22 07:34:02.651928+00	2025-10-22 07:34:02.65193+00	205	f	f
863	f	\N	5889	Северо Казахстанская сельскохозяйственная опытная станция	2025-10-22 07:34:02.661607+00	2025-10-16 17:31:25.898905+00	2025-10-22 07:34:02.661627+00	34	f	f
1333	f	\N	8218	Центральная селекционно генетическая станция180.	2025-10-22 07:34:02.794696+00	2025-10-22 07:34:02.794982+00	2025-10-22 07:34:02.794984+00	179	f	f
902	f	\N	6895	Агро-ТИП Гмбх, Германия	2025-10-22 07:34:02.472738+00	2025-10-16 17:31:25.918139+00	2025-10-22 07:34:02.472757+00	337	f	f
926	f	\N	6388	Всероссийский научно-исследовательский институт зернобобовых и крупяных культур	2025-10-22 07:34:02.499945+00	2025-10-16 17:31:25.930175+00	2025-10-22 07:34:02.499965+00	59	f	f
904	f	\N	7567	ТОО ЧАФ "Тургень", Алматы-	2025-10-16 17:31:25.918853+00	2025-10-16 17:31:25.919079+00	2025-10-16 17:31:25.919082+00	\N	f	f
905	f	\N	7788	ТОО "Шортанбай 2019"	2025-10-16 17:31:25.919302+00	2025-10-16 17:31:25.919529+00	2025-10-16 17:31:25.919532+00	\N	f	f
906	f	\N	7642	ТОО "Эко Агро продукт" Франция	2025-10-16 17:31:25.919768+00	2025-10-16 17:31:25.92+00	2025-10-16 17:31:25.920003+00	\N	f	f
924	f	\N	6884	Государственное научное учреждение «Всероссийский научно-исследовательский институт зерновых культур имени И.Г.Калиненко», Россия	2025-10-22 07:34:02.516508+00	2025-10-16 17:31:25.928932+00	2025-10-22 07:34:02.516527+00	344	f	f
1244	f	\N	7072	Республиканское государственное казенное предприятие «Кокшетауский Государственный Университет имени Шокана Уалиханова»	2025-10-22 07:34:02.652739+00	2025-10-22 07:34:02.653007+00	2025-10-22 07:34:02.65301+00	286	f	f
1245	f	\N	8115	Рузаевская сельскохозяйственная опытная станция34.	2025-10-22 07:34:02.654678+00	2025-10-22 07:34:02.654978+00	2025-10-22 07:34:02.65498+00	33	f	f
1246	f	\N	8228	Самаркандский филиал Узбекского научно-исследовательского института садоводства, виноградарства и виноделия имени Р.Р. Шредера191.	2025-10-22 07:34:02.656094+00	2025-10-22 07:34:02.656444+00	2025-10-22 07:34:02.656447+00	190	f	f
1247	f	\N	8180	Санкт-Петербургский государственный аграрный университет131.	2025-10-22 07:34:02.657552+00	2025-10-22 07:34:02.65788+00	2025-10-22 07:34:02.657882+00	130	f	f
913	f	\N	7733	Туржанов Аскарбек Орманбекович	2025-10-16 17:31:25.923679+00	2025-10-16 17:31:25.923915+00	2025-10-16 17:31:25.923918+00	\N	f	f
1248	f	\N	8181	Саратовская государственная сельскохозяйственная академия имени Н.Н. Вавилова132.	2025-10-22 07:34:02.658235+00	2025-10-22 07:34:02.658521+00	2025-10-22 07:34:02.658524+00	131	f	f
1249	f	\N	8272	Саратовская опытная станция садоводства264.	2025-10-22 07:34:02.658831+00	2025-10-22 07:34:02.659081+00	2025-10-22 07:34:02.659083+00	263	f	f
918	f	\N	5868	Учреждение адвокадская контора Хасанова,  Компания "HZPC" IPR B.V - 	2025-10-16 17:31:25.925941+00	2025-10-16 17:31:25.926153+00	2025-10-16 17:31:25.926156+00	\N	f	f
920	f	\N	5778	Фалл Крийк Фарм & Нурсерй, Инк., США	2025-10-16 17:31:25.926776+00	2025-10-16 17:31:25.926983+00	2025-10-16 17:31:25.926986+00	\N	f	f
1250	f	\N	8182	Северо Западный научно-исследовательский институт сельского хозяйства, Россия134.	2025-10-22 07:34:02.659371+00	2025-10-22 07:34:02.659607+00	2025-10-22 07:34:02.659609+00	133	f	f
1251	f	\N	6804	Северо Западный научно-производственный центр сельского хозяйства	2025-10-22 07:34:02.65993+00	2025-10-22 07:34:02.660214+00	2025-10-22 07:34:02.660217+00	28	f	f
1252	f	\N	8290	Сельскохозяйственный институт Добруджа, Болгария358.	2025-10-22 07:34:02.662781+00	2025-10-22 07:34:02.663049+00	2025-10-22 07:34:02.663051+00	357	f	f
1253	f	\N	8116	Семипалатинский филиал Восточно-Казахстанского научно-исследовательского института сельского хозяйства36.	2025-10-22 07:34:02.664044+00	2025-10-22 07:34:02.664303+00	2025-10-22 07:34:02.664305+00	35	f	f
1254	f	\N	8292	Серебрякова Марина Сергеевна, Россия376.	2025-10-22 07:34:02.664593+00	2025-10-22 07:34:02.66484+00	2025-10-22 07:34:02.664842+00	375	f	f
1255	f	\N	8183	Сибирская опытная станция масличных культур136.	2025-10-22 07:34:02.665143+00	2025-10-22 07:34:02.665389+00	2025-10-22 07:34:02.665391+00	135	f	f
1256	f	\N	7947	Сибирский научно исследовательский институт кормов	2025-10-22 07:34:02.665661+00	2025-10-22 07:34:02.665907+00	2025-10-22 07:34:02.665909+00	136	f	f
105	f	\N	5745	Сингента Кроп Протекшн, Швейцария	2025-10-22 07:34:02.66731+00	2025-10-16 17:31:25.501825+00	2025-10-22 07:34:02.667329+00	358	f	f
1257	f	\N	8210	Синельниковская селекционно опытная станция171.	2025-10-22 07:34:02.667569+00	2025-10-22 07:34:02.667812+00	2025-10-22 07:34:02.667814+00	170	f	f
915	f	\N	7787	УНИГЕНЕТИК ЕООД, Болгария	2025-10-22 07:34:02.714468+00	2025-10-16 17:31:25.924858+00	2025-10-22 07:34:02.714491+00	424	f	f
916	f	\N	6286	Уральская сельскохозяйственная опытная станция	2025-10-22 07:34:02.715946+00	2025-10-16 17:31:25.925305+00	2025-10-22 07:34:02.715965+00	40	f	f
927	f	\N	7766	Федеральное государственное бюджетное научное учреждение «Всероссийский научно исследовательский институт органических удобрений и торфа», Россия	2025-10-22 07:34:02.719914+00	2025-10-16 17:31:25.931582+00	2025-10-22 07:34:02.719938+00	405	f	f
932	f	\N	6333	Федеральное государственное бюджетное научное учреждение «Национальный центр зерна имени П.П. Лукьяненко», Россия	2025-10-22 07:34:02.720514+00	2025-10-16 17:31:25.934049+00	2025-10-22 07:34:02.720534+00	479	f	f
934	f	\N	7113	Федеральное государственное бюджетное научное учреждение «Омский аграрный научный центр», Россия	2025-10-22 07:34:02.72131+00	2025-10-16 17:31:25.934921+00	2025-10-22 07:34:02.721336+00	421	f	f
921	f	\N	6416	Фирма «Бейо Заден», Нидерланды	2025-10-22 07:34:02.771734+00	2025-10-16 17:31:25.927423+00	2025-10-22 07:34:02.771773+00	221	f	f
956	f	\N	7844	Флорида Фаундэйшн Cид Продьюсерс, Инк. (Florida Foundation Seed Producers, Inc.)	2025-10-16 17:31:25.946273+00	2025-10-16 17:31:25.946532+00	2025-10-16 17:31:25.946535+00	\N	f	f
958	f	\N	7707	ФНИИ КОХ НПЦ ЗР	2025-10-16 17:31:25.947945+00	2025-10-16 17:31:25.948209+00	2025-10-16 17:31:25.948211+00	\N	f	f
987	f	\N	8020	An Jeongtak, Южная Корея	2025-10-22 07:34:02.426861+00	2025-10-21 21:50:08.555537+00	2025-10-22 07:34:02.426881+00	416	f	f
989	f	\N	8023	Baek Hyang Gu, Южная Корея	2025-10-22 07:34:02.428165+00	2025-10-21 21:50:08.558311+00	2025-10-22 07:34:02.428193+00	419	f	f
12	f	\N	5712	BASF Agricultural Solution Seed (United States limited liability company), Соединенные Штаты Америки	2025-10-22 07:34:02.429405+00	2025-10-16 17:31:25.452265+00	2025-10-22 07:34:02.429426+00	383	f	f
967	f	\N	6228	Хамзатханов Ислам Ибрагимович ФГБНУ "ВНИИМК им.Пуставойта"  -	2025-10-16 17:31:25.952251+00	2025-10-16 17:31:25.952472+00	2025-10-16 17:31:25.952474+00	\N	f	f
990	f	\N	8021	Choi Jae Won, Южная Корея	2025-10-22 07:34:02.431909+00	2025-10-21 21:50:08.563095+00	2025-10-22 07:34:02.431928+00	390	f	f
980	f	\N	5961	KAZSEEDS Limited, Казахстан	2025-10-22 07:34:02.44822+00	2025-10-16 17:31:25.959113+00	2025-10-22 07:34:02.448247+00	466	f	f
68	f	\N	5774	Monsanto Technology limited liability company, Соединенные Штаты Америки	2025-10-22 07:34:02.452694+00	2025-10-16 17:31:25.483111+00	2025-10-22 07:34:02.452715+00	348	f	f
994	f	\N	8029	Xisen Potato Industry Group Ltd. Co, Китайская Народная Республика	2025-10-22 07:34:02.468347+00	2025-10-21 21:50:08.572409+00	2025-10-22 07:34:02.468368+00	430	f	f
974	f	\N	6968	Центр аграрных научных исследовании венгерская академия 	2025-10-16 17:31:25.956138+00	2025-10-16 17:31:25.956351+00	2025-10-16 17:31:25.956354+00	\N	f	f
948	f	\N	6106	Институт цитологии и генетики Сибирского отделения Российской академии наук	2025-10-22 07:34:02.550636+00	2025-10-16 17:31:25.942891+00	2025-10-22 07:34:02.550655+00	90	f	f
979	f	\N	6012	Общество с ограниченной ответственностью научно-производственная компания «АгроАльянс», Россия	2025-10-22 07:34:02.62256+00	2025-10-16 17:31:25.958691+00	2025-10-22 07:34:02.622579+00	382	f	f
982	f	\N	6199	Шехзаделер маниса, Турция	2025-10-16 17:31:25.959751+00	2025-10-16 17:31:25.959966+00	2025-10-16 17:31:25.959969+00	\N	f	f
1258	f	\N	8117	Совхоз «Алматинский» Алматинской области37.	2025-10-22 07:34:02.668473+00	2025-10-22 07:34:02.668735+00	2025-10-22 07:34:02.668737+00	36	f	f
985	f	\N	7055	Югославия ТОО "МТС Югмаш"	2025-10-16 17:31:25.961092+00	2025-10-16 17:31:25.961339+00	2025-10-16 17:31:25.961341+00	\N	f	f
988	f	\N	8059	ArmanDevelop	2025-10-21 21:50:08.55712+00	2025-10-21 21:50:08.557384+00	2025-10-21 21:50:08.557386+00	\N	f	f
992	f	\N	8101	Co.na.se.soc.coop.Agr	2025-10-21 21:50:08.564332+00	2025-10-21 21:50:08.56455+00	2025-10-21 21:50:08.564552+00	\N	f	f
944	f	\N	7721	Уральский научно исследовательский институт сельского хозяйства	2025-10-22 07:34:02.716503+00	2025-10-16 17:31:25.941019+00	2025-10-22 07:34:02.716527+00	243	f	f
951	f	\N	7698	Федеральное государственное унитарное предприятие «Бакчарское», Россия	2025-10-22 07:34:02.763243+00	2025-10-16 17:31:25.94417+00	2025-10-22 07:34:02.763272+00	434	f	f
1259	f	\N	8118	Совхоз имени Томаровского Алматинской области38.	2025-10-22 07:34:02.669011+00	2025-10-22 07:34:02.669284+00	2025-10-22 07:34:02.669287+00	37	f	f
954	f	\N	6984	Фельдзаатен Фройденбергер ГмбХ, Германия	2025-10-22 07:34:02.764332+00	2025-10-16 17:31:25.9454+00	2025-10-22 07:34:02.764374+00	379	f	f
962	f	\N	5724	Фирма «Флоримонд Депре», Франция	2025-10-22 07:34:02.788065+00	2025-10-16 17:31:25.950212+00	2025-10-22 07:34:02.788084+00	240	f	f
972	f	\N	5713	Хроматин Инк, Соединенные Штаты Америки	2025-10-22 07:34:02.792898+00	2025-10-16 17:31:25.955404+00	2025-10-22 07:34:02.792917+00	378	f	f
978	f	\N	6947	Цезеа, Чехия	2025-10-22 07:34:02.793379+00	2025-10-16 17:31:25.958252+00	2025-10-22 07:34:02.7934+00	364	f	f
977	f	\N	7321	Частное предприятие Селекционно-производственный центр «Яровит», Украина	2025-10-22 07:34:02.797755+00	2025-10-16 17:31:25.957637+00	2025-10-22 07:34:02.797774+00	476	f	f
995	f	\N	8060	Tomato Research Center	2025-10-21 21:50:08.582287+00	2025-10-21 21:50:08.582531+00	2025-10-21 21:50:08.582534+00	\N	f	f
1020	f	\N	7952	Коюда Сергей Петрович()	2025-10-21 21:50:08.635105+00	2025-10-21 21:50:08.635313+00	2025-10-21 21:50:08.635315+00	\N	f	f
1031	f	\N	8054	ООО агрофирма "Сады Украины"	2025-10-21 21:50:08.654584+00	2025-10-21 21:50:08.654851+00	2025-10-21 21:50:08.654854+00	\N	f	f
149	f	\N	5729	Акционерное общество «Цинь Фен Юань», Китайская Народная Республика	2025-10-22 07:34:02.475558+00	2025-10-16 17:31:25.525018+00	2025-10-22 07:34:02.475577+00	376	f	f
194	f	\N	5943	Алтайский научно-исследовательский институт земледелия и селекции сельскохозяйственных культур	2025-10-22 07:34:02.479121+00	2025-10-16 17:31:25.547706+00	2025-10-22 07:34:02.47927+00	47	f	f
998	f	\N	7996	Ациро	2025-10-22 07:34:02.484327+00	2025-10-21 21:50:08.592688+00	2025-10-22 07:34:02.484346+00	16	f	f
1008	f	\N	7961	Государственное научное учреждение «Северо-Кубанская сельскохозяйственная опытная станция», Россия	2025-10-22 07:34:02.517537+00	2025-10-21 21:50:08.604931+00	2025-10-22 07:34:02.517558+00	413	f	f
1009	f	\N	7903	Донской зональный научно-исследовательский институт сельского хозяйства	2025-10-22 07:34:02.524851+00	2025-10-21 21:50:08.608297+00	2025-10-22 07:34:02.52487+00	82	f	f
321	f	\N	5894	Забайкальский научно исследовательский институт сельского хозяйства	2025-10-22 07:34:02.535389+00	2025-10-16 17:31:25.612789+00	2025-10-22 07:34:02.535411+00	86	f	f
1011	f	\N	7904	Закрытое акционерное общество научно-производственная фирма «Семена Дона», Россия	2025-10-22 07:34:02.536925+00	2025-10-21 21:50:08.61499+00	2025-10-22 07:34:02.536949+00	319	f	f
262	f	\N	5728	Закрытое акционерное общество «Научно-производственная фирма Сибирская аграрная компания», Россия	2025-10-22 07:34:02.537926+00	2025-10-16 17:31:25.582894+00	2025-10-22 07:34:02.537968+00	335	f	f
1029	f	\N	8013	Исильский питомник Омской области	2025-10-22 07:34:02.552306+00	2025-10-21 21:50:08.651317+00	2025-10-22 07:34:02.552333+00	91	f	f
430	f	\N	5950	Крестьянское хозяйство «Семена масличных», Казахстан	2025-10-22 07:34:02.579133+00	2025-10-16 17:31:25.669519+00	2025-10-22 07:34:02.579159+00	389	f	f
1023	f	\N	7981	Лазар Койич Хибриди, Сербия	2025-10-22 07:34:02.584186+00	2025-10-21 21:50:08.639751+00	2025-10-22 07:34:02.584204+00	363	f	f
1033	f	\N	7912	Молдавский научно исследовательский институт полевых культур	2025-10-22 07:34:02.593868+00	2025-10-21 21:50:08.659172+00	2025-10-22 07:34:02.593893+00	211	f	f
507	f	\N	5725	Общество с ограниченной ответственностью «АгроСемГавриш», Россия	2025-10-22 07:34:02.613533+00	2025-10-16 17:31:25.709911+00	2025-10-22 07:34:02.613557+00	366	f	f
1017	f	\N	8089	Северо-Кавказский научно-исследовательский институт горного и предгорного садоводства	2025-10-22 07:34:02.660932+00	2025-10-21 21:50:08.623858+00	2025-10-22 07:34:02.660967+00	134	f	f
359	f	\N	5806	Товарищество с ограниченной ответственностью «Казахский научно-исследовательский институт картофелеводства и овощеводства»	2025-10-22 07:34:02.682806+00	2025-10-16 17:31:25.632457+00	2025-10-22 07:34:02.682828+00	21	f	f
441	f	\N	5718	Фирма «Агра Сочета», Италия	2025-10-22 07:34:02.769279+00	2025-10-16 17:31:25.675683+00	2025-10-22 07:34:02.769319+00	222	f	f
1035	f	\N	7881	Пацифик Сидс	2025-10-21 21:50:08.664571+00	2025-10-21 21:50:08.664805+00	2025-10-21 21:50:08.664808+00	\N	f	f
1051	f	\N	8030	ТОО "BioTechTKS	2025-10-21 21:50:08.687442+00	2025-10-21 21:50:08.687707+00	2025-10-21 21:50:08.687709+00	\N	f	f
1053	f	\N	7915	ТОО"Астра Агро	2025-10-21 21:50:08.695087+00	2025-10-21 21:50:08.695324+00	2025-10-21 21:50:08.695326+00	\N	f	f
1063	f	\N	8027	ФГБНУ "Владимирский НИИСХ"	2025-10-21 21:50:08.722245+00	2025-10-21 21:50:08.722566+00	2025-10-21 21:50:08.722569+00	\N	f	f
690	f	\N	5909	Актюбинская сельскохозяйственная опытная станция	2025-10-22 07:34:02.474573+00	2025-10-16 17:31:25.805829+00	2025-10-22 07:34:02.474591+00	4	f	f
547	f	\N	5773	Восточно-Казахстанский научно-исследовательский институт сельского хозяйства	2025-10-22 07:34:02.498483+00	2025-10-16 17:31:25.732028+00	2025-10-22 07:34:02.498537+00	8	f	f
1060	f	\N	8007	Германцев Леонид Алексеевич, Россия	2025-10-22 07:34:02.511493+00	2025-10-21 21:50:08.717237+00	2025-10-22 07:34:02.511518+00	420	f	f
853	f	\N	5830	ЗААТЦУХТ ФРИТЦ ЛАНГЕ КГ, Германия	2025-10-22 07:34:02.534342+00	2025-10-16 17:31:25.893337+00	2025-10-22 07:34:02.534365+00	320	f	f
1043	f	\N	7944	Институт молекулярной биологии и биохимии им. М.А. Айтхожина	2025-10-22 07:34:02.5462+00	2025-10-21 21:50:08.673099+00	2025-10-22 07:34:02.546228+00	253	f	f
1041	f	\N	7925	Красноярская опытная станция плодоводства	2025-10-22 07:34:02.575991+00	2025-10-21 21:50:08.6715+00	2025-10-22 07:34:02.576011+00	98	f	f
570	f	\N	5759	Нордзаад Заатцухтзеллшафт мбХ, Германия	2025-10-22 07:34:02.60982+00	2025-10-16 17:31:25.743646+00	2025-10-22 07:34:02.60984+00	324	f	f
1052	f	\N	7914	Общество с ограниченной ответственностью «Агротехконсалт», Узбекистан	2025-10-22 07:34:02.61493+00	2025-10-21 21:50:08.690678+00	2025-10-22 07:34:02.614949+00	276	f	f
602	f	\N	5910	Региональный филиал «Кайнар» товарищества с ограниченной ответственностью «Казахский научно-исследовательский институт плодоовощеводства»	2025-10-22 07:34:02.65028+00	2025-10-16 17:31:25.760276+00	2025-10-22 07:34:02.650299+00	442	f	f
1055	f	\N	8097	Товарищество с ограниченной ответственностью «ДиЛэнд», Казахстан	2025-10-22 07:34:02.681317+00	2025-10-21 21:50:08.697967+00	2025-10-22 07:34:02.681337+00	436	f	f
1062	f	\N	8026	торфа"	2025-10-22 07:34:02.704203+00	2025-10-21 21:50:08.719241+00	2025-10-22 07:34:02.704226+00	405	f	f
923	f	\N	5816	Федеральное государственное бюджетное научное учреждение «Аграрный научный центр «Донской», Россия	2025-10-22 07:34:02.719357+00	2025-10-16 17:31:25.928361+00	2025-10-22 07:34:02.719381+00	475	f	f
931	f	\N	5809	Федеральное государственное бюджетное научное учреждение «Федеральный исследовательский центр Тюменский научный центр СО РАН», Россия	2025-10-22 07:34:02.755998+00	2025-10-16 17:31:25.9336+00	2025-10-22 07:34:02.756028+00	477	f	f
960	f	\N	5844	Фирма «ЗААТЗУХТ», Германия	2025-10-22 07:34:02.775294+00	2025-10-16 17:31:25.949294+00	2025-10-22 07:34:02.775315+00	283	f	f
847	f	\N	5714	Фирма «Норд Дойче Пфланценцухт», Германия	2025-10-22 07:34:02.778957+00	2025-10-16 17:31:25.890492+00	2025-10-22 07:34:02.778977+00	299	f	f
1262	f	\N	8211	Сумская государственная областная сельскохозяйственная опытная станция172.	2025-10-22 07:34:02.672272+00	2025-10-22 07:34:02.672543+00	2025-10-22 07:34:02.672545+00	171	f	f
1263	f	\N	8249	Таджикский научно исследовательский институт земледелия215.	2025-10-22 07:34:02.673096+00	2025-10-22 07:34:02.673367+00	2025-10-22 07:34:02.673369+00	214	f	f
1264	f	\N	8250	Таджикский научно-исследовательский институт садоводства, виноградарства и овощеводства216.	2025-10-22 07:34:02.673647+00	2025-10-22 07:34:02.673894+00	2025-10-22 07:34:02.673896+00	215	f	f
1265	f	\N	8119	Талгарский сельскохозяйственный техникум, Алматинская область39.	2025-10-22 07:34:02.674203+00	2025-10-22 07:34:02.674445+00	2025-10-22 07:34:02.674447+00	38	f	f
652	f	\N	5904	Талдыкорганский филиал Научно-производственного центра земледелия и растениеводства	2025-10-22 07:34:02.674949+00	2025-10-16 17:31:25.786011+00	2025-10-22 07:34:02.674968+00	39	f	f
1266	f	\N	8184	Тамбовская государственная областная сельскохозяйственная опытная станция141.	2025-10-22 07:34:02.675256+00	2025-10-22 07:34:02.675502+00	2025-10-22 07:34:02.675505+00	140	f	f
1267	f	\N	8185	Татарский научно исследовательский институт сельского хозяйства142.	2025-10-22 07:34:02.675789+00	2025-10-22 07:34:02.676031+00	2025-10-22 07:34:02.676034+00	141	f	f
1268	f	\N	8186	Тимирязевская сельскохозяйственная академия143.	2025-10-22 07:34:02.676552+00	2025-10-22 07:34:02.6768+00	2025-10-22 07:34:02.676802+00	142	f	f
1013	f	\N	7923	Товарищество с ограниченной ответственностью «Агрофирма «Бирлик», село Бирлик, Балхашский район, Алматинская область	2025-10-22 07:34:02.67954+00	2025-10-21 21:50:08.617656+00	2025-10-22 07:34:02.679563+00	287	f	f
1269	f	\N	6214	Товарищество с ограниченной ответственностью «Восточно Казахстанская сельскохозяйственная опытная станция»	2025-10-22 07:34:02.67987+00	2025-10-22 07:34:02.680175+00	2025-10-22 07:34:02.680177+00	470	f	f
1270	f	\N	8275	Товарищество с ограниченной ответственностью «Генофонд растений»281.	2025-10-22 07:34:02.680501+00	2025-10-22 07:34:02.680775+00	2025-10-22 07:34:02.680778+00	280	f	f
747	f	\N	5783	Товарищество с ограниченной ответственностью «Казахский научно-исследовательский институт плодоовощеводства»	2025-10-22 07:34:02.683927+00	2025-10-16 17:31:25.836589+00	2025-10-22 07:34:02.683948+00	471	f	f
1271	f	\N	6719	Товарищество с ограниченной ответственностью «Казахский научно-исследовательский институт хлопководства», Казахстан	2025-10-22 07:34:02.684808+00	2025-10-22 07:34:02.685094+00	2025-10-22 07:34:02.685096+00	461	f	f
1272	f	\N	6911	Товарищество с ограниченной ответственностью «Научно производственная фирма «Фитон», Костанайской области	2025-10-22 07:34:02.685398+00	2025-10-22 07:34:02.685663+00	2025-10-22 07:34:02.685665+00	251	f	f
1273	f	\N	8279	Товарищество с ограниченной ответственностью «НЛК»303.	2025-10-22 07:34:02.685953+00	2025-10-22 07:34:02.68678+00	2025-10-22 07:34:02.686783+00	302	f	f
827	f	\N	5720	Товарищество с ограниченной ответственностью «Опытное хозяйство масличных культур», Казахстан	2025-10-22 07:34:02.687505+00	2025-10-16 17:31:25.878329+00	2025-10-22 07:34:02.687527+00	458	f	f
1274	f	\N	7803	Товарищество с ограниченной ответственностью «Сельскохозяйственная опытная станция «Заречное», Казахстан	2025-10-22 07:34:02.688595+00	2025-10-22 07:34:02.68886+00	2025-10-22 07:34:02.688862+00	460	f	f
1275	f	\N	8003	Товарищество с ограниченной ответственностью «Ұлан – Жеміс»	2025-10-22 07:34:02.689183+00	2025-10-22 07:34:02.689454+00	2025-10-22 07:34:02.689456+00	400	f	f
1276	f	\N	8287	Товарищество с ограниченной ответственностью «Филип Моррис Казахстан»340.	2025-10-22 07:34:02.689757+00	2025-10-22 07:34:02.690009+00	2025-10-22 07:34:02.690011+00	339	f	f
1277	f	\N	8288	Товарищество с ограниченной ответственностью «Частная агропромышленная фирма «Тургень»351.	2025-10-22 07:34:02.69032+00	2025-10-22 07:34:02.690567+00	2025-10-22 07:34:02.690569+00	350	f	f
1278	f	\N	7270	ТОО "Агро Плюс Комерц ",РАЖТ 2 Н	2025-10-22 07:34:02.692439+00	2025-10-22 07:34:02.692675+00	2025-10-22 07:34:02.692677+00	\N	f	f
1279	f	\N	6974	ТОО "Алем Агро" ЛТД, ОзАлтын Тарим Ишлетмелеры Сан. Ве Тик А.Ш. -	2025-10-22 07:34:02.693627+00	2025-10-22 07:34:02.693868+00	2025-10-22 07:34:02.69387+00	\N	f	f
1280	f	\N	7200	ТОО Жемис Голландия	2025-10-22 07:34:02.696555+00	2025-10-22 07:34:02.696837+00	2025-10-22 07:34:02.696839+00	\N	f	f
1281	f	\N	8068	ТОО КОХ НИИ	2025-10-22 07:34:02.698067+00	2025-10-22 07:34:02.698317+00	2025-10-22 07:34:02.69832+00	\N	f	f
1282	f	\N	7015	ТОО научно сельсохозяйственная компания "Цзя Юй Гуань Хуа", КНР 	2025-10-22 07:34:02.698609+00	2025-10-22 07:34:02.698867+00	2025-10-22 07:34:02.698869+00	\N	f	f
1283	f	\N	7128	ТОО"Рапуль Казахстан" Агроскоп Шангинс-Веденсвил АЦВ  Рут де Дуллер 	2025-10-22 07:34:02.699585+00	2025-10-22 07:34:02.699827+00	2025-10-22 07:34:02.699829+00	\N	f	f
1284	f	\N	6990	ТОО "Рапуль Казахстан" (Евро ГрассБридинг 	2025-10-22 07:34:02.700309+00	2025-10-22 07:34:02.700608+00	2025-10-22 07:34:02.70061+00	\N	f	f
1285	f	\N	7941	ТОО"Рапуль Казахстан" РАПС	2025-10-22 07:34:02.7009+00	2025-10-22 07:34:02.701177+00	2025-10-22 07:34:02.701179+00	\N	f	f
1286	f	\N	7437	ТО " Рейк зваан Казахстан"	2025-10-22 07:34:02.70329+00	2025-10-22 07:34:02.703578+00	2025-10-22 07:34:02.70358+00	\N	f	f
1287	f	\N	8187	Тулунская государственная селекционная станция144.	2025-10-22 07:34:02.705119+00	2025-10-22 07:34:02.70538+00	2025-10-22 07:34:02.705382+00	143	f	f
1288	f	\N	8251	Туркменский научно исследовательский институт земледелия217.	2025-10-22 07:34:02.706121+00	2025-10-22 07:34:02.706551+00	2025-10-22 07:34:02.706555+00	216	f	f
1289	f	\N	8231	Узбекский научно исследовательский институт богарного земледелия194.	2025-10-22 07:34:02.706919+00	2025-10-22 07:34:02.707274+00	2025-10-22 07:34:02.707276+00	193	f	f
1290	f	\N	8232	Узбекский научно-исследовательский институт зерна195.	2025-10-22 07:34:02.70762+00	2025-10-22 07:34:02.707887+00	2025-10-22 07:34:02.707889+00	194	f	f
1291	f	\N	8233	Узбекский научно-исследовательский институт овощебахчевых культур и картофеля196.	2025-10-22 07:34:02.708185+00	2025-10-22 07:34:02.708439+00	2025-10-22 07:34:02.708441+00	195	f	f
1292	f	\N	8234	Узбекский научно-исследовательский институт риса197.	2025-10-22 07:34:02.708745+00	2025-10-22 07:34:02.709005+00	2025-10-22 07:34:02.709007+00	196	f	f
1293	f	\N	8235	Узбекский научно-исследовательский институт садоводства, виноградарства и виноделия имени академика Р.Р. Шредера198.	2025-10-22 07:34:02.709294+00	2025-10-22 07:34:02.709538+00	2025-10-22 07:34:02.70954+00	197	f	f
1294	f	\N	8212	Украинский научно исследовательский институт земледелия173.	2025-10-22 07:34:02.709814+00	2025-10-22 07:34:02.710072+00	2025-10-22 07:34:02.710075+00	172	f	f
1295	f	\N	8213	Украинский научно исследовательский институт инженерного проектирования174.	2025-10-22 07:34:02.710379+00	2025-10-22 07:34:02.710672+00	2025-10-22 07:34:02.710675+00	173	f	f
1296	f	\N	8214	Украинский научно исследовательский институт кормов175.	2025-10-22 07:34:02.71103+00	2025-10-22 07:34:02.711337+00	2025-10-22 07:34:02.711339+00	174	f	f
1297	f	\N	8215	Украинский научно-исследовательский институт овощеводства и бахчеводства176.	2025-10-22 07:34:02.711641+00	2025-10-22 07:34:02.711921+00	2025-10-22 07:34:02.711923+00	175	f	f
1298	f	\N	8216	Украинский научно-исследовательский институт растениеводства, селекции и генетики имени В.Я. Юрьева178.	2025-10-22 07:34:02.712864+00	2025-10-22 07:34:02.71321+00	2025-10-22 07:34:02.713212+00	177	f	f
1299	f	\N	8188	Ульяновский научно исследовательский институт сельского хозяйства145.	2025-10-22 07:34:02.713553+00	2025-10-22 07:34:02.713839+00	2025-10-22 07:34:02.713842+00	144	f	f
1300	f	\N	7332	Унипланта Заатцухт КГ, Германия	2025-10-22 07:34:02.71509+00	2025-10-22 07:34:02.715415+00	2025-10-22 07:34:02.715417+00	333	f	f
1006	f	\N	8039	Усть-Каменогорский опорный пункт Института цитологии и генетики Сибирского отделения Российской академии наук	2025-10-22 07:34:02.717043+00	2025-10-21 21:50:08.600311+00	2025-10-22 07:34:02.717064+00	41	f	f
1301	f	\N	8189	Учебно-опытное поле имени М.Н. Калинина146.	2025-10-22 07:34:02.717383+00	2025-10-22 07:34:02.717637+00	2025-10-22 07:34:02.717639+00	145	f	f
1302	f	\N	8302	Фарм Фритс, Нидерланды433.	2025-10-22 07:34:02.71834+00	2025-10-22 07:34:02.718579+00	2025-10-22 07:34:02.718581+00	432	f	f
532	f	\N	6010	Федеральное государственное бюджетное научное учреждение «Российский научно исследовательский и проектно-технологический институт сорго и кукурузы», Россия	2025-10-22 07:34:02.731794+00	2025-10-16 17:31:25.723552+00	2025-10-22 07:34:02.732284+00	386	f	f
1303	f	\N	7767	Федеральное государственное бюджетное научное учреждение «Сибирский федеральный научный центр агробиотехнологий Российской академии наук», Россия	2025-10-22 07:34:02.737464+00	2025-10-22 07:34:02.741558+00	2025-10-22 07:34:02.741569+00	404	f	f
1304	f	\N	8305	Федеральное государственное бюджетное научное учреждение Уфимский федеральный исследовательский центр Российской академии наук, Башкортостан454.	2025-10-22 07:34:02.74436+00	2025-10-22 07:34:02.748038+00	2025-10-22 07:34:02.748043+00	453	f	f
1305	f	\N	5978	Федеральное государственное бюджетное научное учреждение «Федеральный Алтайский научный центр агробиотехнологий», Россия	2025-10-22 07:34:02.751693+00	2025-10-22 07:34:02.754902+00	2025-10-22 07:34:02.754907+00	401	f	f
1306	f	\N	8299	Федеральное государственное бюджетное научное учреждение «Федеральный научный центр агроэкологии, комплексных мелиораций и защитного лесоразведения Российской академии наук», Россия428.	2025-10-22 07:34:02.756407+00	2025-10-22 07:34:02.756725+00	2025-10-22 07:34:02.756727+00	427	f	f
1307	f	\N	8304	Федеральное государственное бюджетное научное учреждение «Федеральный научный центр лубяных культур», Россия453.	2025-10-22 07:34:02.757799+00	2025-10-22 07:34:02.758097+00	2025-10-22 07:34:02.758099+00	452	f	f
1308	f	\N	7396	Федеральное государственное бюджетное научное учреждение «Челябинский научно-исследовательский институт сельского хозяйства», Россия	2025-10-22 07:34:02.758476+00	2025-10-22 07:34:02.758852+00	2025-10-22 07:34:02.758856+00	455	f	f
1067	f	\N	7879	Федеральное государственное бюджетное учреждение науки «Федеральный исследовательский центр «Казанский научный центр Российской академии наук», Татарстан	2025-10-22 07:34:02.761262+00	2025-10-21 21:50:08.726961+00	2025-10-22 07:34:02.761306+00	450	f	f
1309	f	\N	8237	Ферганская зональная научно-исследовательская станция шелководства200.	2025-10-22 07:34:02.765009+00	2025-10-22 07:34:02.765455+00	2025-10-22 07:34:02.765458+00	199	f	f
1310	f	\N	8236	Филиал виноделия Узбекского научно-исследовательского института садоводства199.	2025-10-22 07:34:02.765861+00	2025-10-22 07:34:02.76624+00	2025-10-22 07:34:02.766243+00	198	f	f
1311	f	\N	8297	Фирма «Hild Samen Gesellschaft mit beschränkter Haftung», Германия411.	2025-10-22 07:34:02.766588+00	2025-10-22 07:34:02.766868+00	2025-10-22 07:34:02.766871+00	410	f	f
1312	f	\N	8255	Фирма «Баболна», Венгрия225.	2025-10-22 07:34:02.770494+00	2025-10-22 07:34:02.770861+00	2025-10-22 07:34:02.770863+00	224	f	f
1313	f	\N	8256	Фирма «ВанДерХаве», Нидерланды226.	2025-10-22 07:34:02.772266+00	2025-10-22 07:34:02.772669+00	2025-10-22 07:34:02.772671+00	225	f	f
1314	f	\N	8257	Фирма «Декалб», Соединенные Штаты Америки227.	2025-10-22 07:34:02.772981+00	2025-10-22 07:34:02.773259+00	2025-10-22 07:34:02.773262+00	226	f	f
1315	f	\N	8258	Фирма «Зенека», Великобритания229.	2025-10-22 07:34:02.775581+00	2025-10-22 07:34:02.775837+00	2025-10-22 07:34:02.775839+00	228	f	f
1316	f	\N	8259	Фирма «КВС», Германия231.	2025-10-22 07:34:02.776708+00	2025-10-22 07:34:02.776982+00	2025-10-22 07:34:02.776984+00	230	f	f
1317	f	\N	6236	Фирма «Монсанто», Швецария	2025-10-22 07:34:02.777955+00	2025-10-22 07:34:02.778295+00	2025-10-22 07:34:02.778298+00	247	f	f
1318	f	\N	8261	Фирма «Прогрейн Женетик», Франция236.	2025-10-22 07:34:02.7799+00	2025-10-22 07:34:02.780226+00	2025-10-22 07:34:02.780229+00	235	f	f
1319	f	\N	6508	Фирма «Рийк Цваан Заадтеелт ен Заадхандел Б.В.», Нидерланды	2025-10-22 07:34:02.78057+00	2025-10-22 07:34:02.780831+00	2025-10-22 07:34:02.780833+00	236	f	f
1320	f	\N	6399	Фирма «Роял Слейс», Нидерланды	2025-10-22 07:34:02.781167+00	2025-10-22 07:34:02.781416+00	2025-10-22 07:34:02.781418+00	237	f	f
1321	f	\N	7436	Фирма «Селена», Германия	2025-10-22 07:34:02.782225+00	2025-10-22 07:34:02.782494+00	2025-10-22 07:34:02.782497+00	273	f	f
1322	f	\N	8276	Фирма «Серасем», Франция285.	2025-10-22 07:34:02.783272+00	2025-10-22 07:34:02.783584+00	2025-10-22 07:34:02.783586+00	284	f	f
1323	f	\N	8262	Фирма «Сес Юроп», Бельгия239.	2025-10-22 07:34:02.783856+00	2025-10-22 07:34:02.784102+00	2025-10-22 07:34:02.784105+00	238	f	f
1324	f	\N	8263	Фирма «Сиба Гейги», Швейцария240.	2025-10-22 07:34:02.784437+00	2025-10-22 07:34:02.784705+00	2025-10-22 07:34:02.784707+00	239	f	f
1325	f	\N	8260	Фирма «Сингента Сидс А.Б.», Швеция233.	2025-10-22 07:34:02.784996+00	2025-10-22 07:34:02.78525+00	2025-10-22 07:34:02.785252+00	232	f	f
1326	f	\N	8273	Фирма «Сингента Сидс кфт», Венгрия268.	2025-10-22 07:34:02.785515+00	2025-10-22 07:34:02.785763+00	2025-10-22 07:34:02.785765+00	267	f	f
1327	f	\N	8265	Фирма «Холли Шугар», Соединенные Штаты Америки247.	2025-10-22 07:34:02.788417+00	2025-10-22 07:34:02.788668+00	2025-10-22 07:34:02.78867+00	246	f	f
1328	f	\N	8266	Фирма «Хордеум», Словакия250.	2025-10-22 07:34:02.788939+00	2025-10-22 07:34:02.789202+00	2025-10-22 07:34:02.789204+00	249	f	f
1329	f	\N	6108	Ф. "НуНЕМС  ЗАДЕН"	2025-10-22 07:34:02.790853+00	2025-10-22 07:34:02.791116+00	2025-10-22 07:34:02.791118+00	\N	f	f
1334	f	\N	8219	Центральный республиканский ботанический сад Академии наук Украины181.	2025-10-22 07:34:02.795299+00	2025-10-22 07:34:02.795568+00	2025-10-22 07:34:02.79557+00	180	f	f
1335	f	\N	8191	Центральный сибирский ботанический сад148.	2025-10-22 07:34:02.795894+00	2025-10-22 07:34:02.79622+00	2025-10-22 07:34:02.796223+00	147	f	f
1336	f	\N	8244	Цхалтубская опытная станция овощеводства научно исследовательский институт земледелия, Республика Грузия207.	2025-10-22 07:34:02.796492+00	2025-10-22 07:34:02.796731+00	2025-10-22 07:34:02.796733+00	206	f	f
1337	f	\N	8280	Частный питомник город Вилсбург, Соединенные Штаты Америки312.	2025-10-22 07:34:02.7986+00	2025-10-22 07:34:02.798891+00	2025-10-22 07:34:02.798894+00	311	f	f
1338	f	\N	8220	Черниговская государственная областная сельскохозяйственная опытная станция182.	2025-10-22 07:34:02.799173+00	2025-10-22 07:34:02.79944+00	2025-10-22 07:34:02.799443+00	181	f	f
1339	f	\N	8121	Чиликский табачный государственный сортоиспытательный участок Алматинской области45.	2025-10-22 07:34:02.799708+00	2025-10-22 07:34:02.799951+00	2025-10-22 07:34:02.799953+00	44	f	f
1340	f	\N	6029	ЧП"Научная селекционно-семеноводческ. фирма" Соевой век 	2025-10-22 07:34:02.800257+00	2025-10-22 07:34:02.8005+00	2025-10-22 07:34:02.800502+00	\N	f	f
1341	f	\N	8192	Шадринская сельскохозяйственная опытная станция149.	2025-10-22 07:34:02.800754+00	2025-10-22 07:34:02.800999+00	2025-10-22 07:34:02.801001+00	148	f	f
1342	f	\N	8253	Эстонский научно-исследовательский институт земледелия и мелиорации219.	2025-10-22 07:34:02.801464+00	2025-10-22 07:34:02.801734+00	2025-10-22 07:34:02.801736+00	218	f	f
1343	f	\N	8122	Юго-Западный научно-производственный центр сельского хозяйства Министерства сельского хозяйства Республики Казахстан46.	2025-10-22 07:34:02.802482+00	2025-10-22 07:34:02.80276+00	2025-10-22 07:34:02.802763+00	45	f	f
\.


--
-- Data for Name: trials_app_planneddistribution; Type: TABLE DATA; Schema: public; Owner: -
--

COPY public.trials_app_planneddistribution (id, is_deleted, deleted_at, planting_season, status, year_started, year_completed, created_at, updated_at, notes, application_id, created_by_id, region_id, trial_type_id) FROM stdin;
\.


--
-- Data for Name: trials_app_sortoriginator; Type: TABLE DATA; Schema: public; Owner: -
--

COPY public.trials_app_sortoriginator (id, percentage, originator_id, sort_record_id) FROM stdin;
1	100	67	10
2	100	13	19
3	100	13	20
4	100	887	21
5	100	887	22
6	100	887	23
8	100	113	62
9	100	541	63
10	100	523	64
11	100	87	67
12	100	4	70
13	100	4	71
14	100	4	72
15	100	4	73
16	100	4	74
19	100	56	124
20	100	170	125
21	100	56	126
23	100	4	128
24	100	4	129
28	100	102	133
29	100	102	136
39	100	529	151
42	100	920	154
43	100	505	155
46	100	513	158
47	100	513	160
49	100	513	163
51	100	28	165
52	100	65	166
53	100	513	167
54	100	529	168
55	100	513	169
56	100	513	170
57	100	513	171
58	100	6	172
61	100	113	175
63	100	6	177
65	100	6	179
66	100	513	180
67	100	513	181
68	100	513	182
69	100	513	183
74	100	65	188
75	100	65	189
76	100	65	190
82	100	87	196
83	100	65	197
84	100	65	198
85	100	60	199
86	100	60	200
87	100	60	201
93	100	428	207
94	100	428	208
95	100	428	209
96	100	511	210
97	100	12	211
101	100	6	215
103	100	34	217
104	100	34	221
106	100	511	223
107	100	131	224
108	100	297	225
109	100	297	226
110	100	297	227
111	100	430	228
112	100	511	229
115	100	96	232
118	100	3	235
119	100	428	236
122	100	131	239
123	100	131	240
124	100	131	241
125	100	131	242
126	100	131	243
127	100	131	244
128	50	453	245
130	100	34	246
131	100	34	247
138	100	453	254
139	100	540	255
140	100	518	256
141	100	518	257
142	100	518	258
143	100	518	259
150	100	932	272
154	100	430	285
158	100	6	319
159	100	6	320
162	100	506	323
163	100	827	324
168	100	95	329
169	100	95	330
172	100	505	333
173	100	505	334
174	100	95	335
175	100	95	336
176	100	95	337
194	100	777	541
251	100	827	620
256	100	863	625
266	100	87	640
272	100	934	647
273	100	934	648
274	50	831	649
276	100	934	650
277	100	934	651
281	50	831	655
292	100	827	664
293	100	827	665
301	100	827	673
313	100	106	685
317	100	90	697
323	100	6	741
327	100	918	746
328	100	918	748
329	100	95	750
331	100	505	752
332	100	95	754
334	100	95	758
348	100	932	778
349	100	932	779
351	100	932	781
352	100	545	782
353	100	545	783
354	100	545	784
355	100	545	785
358	100	516	798
360	100	516	800
361	100	516	801
363	100	920	803
364	100	516	804
365	100	516	806
367	100	516	809
395	100	516	843
396	100	516	844
397	100	516	846
414	100	487	875
417	100	3	878
418	100	3	879
419	100	3	880
420	100	3	881
421	100	934	882
422	100	65	884
423	100	28	885
424	100	87	886
431	100	628	894
432	100	628	896
433	100	628	898
434	100	131	899
436	100	827	902
439	100	827	906
440	100	827	908
441	100	827	910
443	100	827	913
450	100	827	922
454	100	131	929
455	100	37	930
465	100	541	940
466	100	541	941
467	100	541	942
471	50	723	946
473	100	13	947
474	100	13	948
475	100	13	949
477	100	86	952
479	100	827	956
480	100	86	957
483	100	86	960
486	100	43	965
487	100	86	966
490	100	934	970
491	100	43	972
500	100	628	984
502	100	12	987
514	100	73	1003
515	100	73	1004
516	100	73	1005
524	100	60	1012
525	100	60	1013
526	100	60	1014
527	100	60	1015
528	100	53	1016
529	100	53	1017
530	100	53	1018
531	100	53	1019
532	100	53	1020
533	100	53	1021
534	100	944	1022
535	100	53	1023
536	100	628	1024
537	100	37	1025
538	100	37	1026
539	100	37	1027
557	100	628	1054
558	100	95	1056
560	100	95	1058
561	100	95	1059
562	100	101	1060
563	100	101	1061
565	100	21	1063
566	100	21	1064
567	100	95	1065
570	100	95	1068
571	100	58	1069
572	100	58	1070
573	100	86	1072
574	100	86	1074
578	100	83	1078
579	100	6	1079
581	100	99	1082
582	100	96	1083
584	100	86	1086
585	100	86	1087
587	100	86	1090
588	100	86	1092
590	100	86	1095
591	100	86	1096
593	100	86	1099
594	100	86	1100
595	100	95	1101
605	100	934	1116
610	100	545	1124
613	10	528	1127
616	50	593	1130
619	100	934	1137
620	100	545	1138
622	100	545	1140
624	100	827	1142
631	100	944	1151
632	100	96	1153
633	100	96	1155
638	100	934	1164
639	100	934	1166
640	100	572	1168
642	100	95	1172
644	100	98	1176
645	100	690	1178
646	100	86	1180
649	100	827	1185
651	100	915	1187
653	100	506	1189
656	100	58	1192
658	100	58	1194
665	100	21	1200
667	100	60	1202
668	100	60	1203
669	100	60	1204
672	100	65	1207
676	100	827	1211
695	100	487	1240
699	100	665	1252
703	100	747	1256
704	100	871	1257
705	100	871	1258
706	100	871	1259
715	100	729	1269
718	100	827	1272
719	100	105	1273
721	100	690	1275
722	100	827	1276
723	100	831	1277
725	100	831	1279
728	100	934	1282
732	100	21	1286
733	100	21	1287
734	100	21	1288
743	100	863	1297
745	100	536	1299
746	100	506	1300
747	100	506	1301
754	100	750	1309
756	100	920	1311
762	100	750	1318
765	100	512	1321
766	100	512	1322
767	100	512	1323
771	100	238	1327
775	100	827	1331
785	100	967	1341
786	100	967	1342
789	100	943	1346
790	100	967	1347
795	100	979	1352
799	50	927	1355
812	100	827	1372
813	100	827	1373
814	100	827	1374
815	100	827	1375
816	100	913	1376
817	100	827	1377
818	100	913	1378
819	100	827	1379
820	100	827	1380
821	100	827	1381
822	100	827	1382
824	100	827	1384
827	100	827	1387
842	100	863	1403
846	100	734	1407
848	100	505	1410
849	50	617	1411
850	50	504	1411
854	100	827	1415
855	100	827	1416
856	100	672	1417
857	100	827	1418
860	100	831	1421
861	100	934	1422
862	100	483	1423
863	100	483	1424
865	100	483	1426
872	100	810	1433
874	100	827	1435
880	100	831	1441
881	100	512	1442
885	100	512	1446
887	100	934	1448
888	100	934	1449
890	100	934	1451
896	100	831	1457
904	100	934	1466
911	100	827	1473
912	100	827	1474
913	100	827	1475
915	100	592	1477
918	100	672	1480
919	100	613	1481
927	100	613	1489
929	100	810	1491
942	100	205	1504
944	100	810	1506
945	100	810	1507
959	100	36	1521
964	100	487	1526
965	100	827	1527
976	100	831	1537
979	100	750	1540
991	100	810	1552
993	100	487	1554
997	100	482	1558
999	100	487	1560
1000	100	482	1561
1002	100	690	1563
1006	100	831	1567
1013	100	810	1575
1016	100	979	1578
1023	100	810	1585
1026	100	810	1588
1033	100	827	1595
1052	100	690	1614
1053	100	395	1615
1055	100	690	1617
1070	100	321	1632
1097	100	359	1659
1128	100	307	1693
1144	100	863	1711
1146	100	863	1713
1149	100	690	1716
1150	100	863	1717
1151	100	205	1718
1152	100	205	1719
1159	100	205	1727
1160	100	205	1728
1161	100	810	1729
1165	100	205	1734
1166	100	205	1735
1167	100	205	1736
1168	100	205	1737
1169	100	205	1738
1170	100	205	1739
1171	100	205	1740
1179	100	810	1750
1180	100	205	1751
1181	100	205	1752
1182	100	205	1753
1183	100	205	1754
1184	100	205	1755
1185	100	810	1756
1188	100	827	1760
1189	100	904	1761
1190	100	904	1762
1201	100	205	1773
1203	100	36	1775
1204	100	36	1776
1205	100	36	1777
1209	100	205	1781
1218	100	810	1790
1223	100	810	1795
1228	100	863	1800
1229	100	592	1801
1238	100	810	1811
1242	100	863	1815
1250	100	205	1823
1251	100	321	1824
1254	100	359	1827
1255	100	321	1828
1256	100	321	1829
1258	100	863	1831
1259	100	205	1832
1260	100	205	1833
1261	100	205	1834
1263	100	321	1836
1264	100	863	1837
1287	100	750	1864
1289	100	827	1866
1295	100	810	1872
1300	100	827	1877
1303	100	810	1881
1305	100	747	1883
1316	100	810	1894
1322	100	827	1899
1334	100	863	1911
1336	100	863	1913
1343	100	836	1920
1344	100	168	1921
1345	100	827	1926
1354	100	810	1938
1357	100	453	1941
1359	100	781	1943
1362	100	863	1946
1366	100	810	1950
1367	100	863	1951
1371	100	810	1955
1373	100	827	1957
1374	100	690	1958
1375	100	827	1959
1376	100	827	1960
1387	100	827	1972
1397	100	613	1982
1398	100	118	1983
1401	100	487	1986
1407	100	827	1992
1412	100	345	1997
1418	100	831	2009
1419	100	831	2010
1431	100	205	2034
1434	100	321	2037
1438	100	750	2047
1439	100	831	2051
1457	100	376	2109
1460	100	750	2119
\.


--
-- Data for Name: trials_app_trialparticipant; Type: TABLE DATA; Schema: public; Owner: -
--

COPY public.trials_app_trialparticipant (id, is_deleted, deleted_at, statistical_group, statistical_result, participant_number, created_at, updated_at, application_id, sort_record_id, trial_id, maturity_group_code) FROM stdin;
33	f	\N	1	-24	2	2025-10-17 10:42:24.454394+00	2025-10-17 10:57:13.393452+00	1	1	14	D07
47	f	\N	1	\N	1	2025-10-18 11:48:59.798375+00	2025-10-18 11:48:59.801131+00	1	1	19	D07
37	f	\N	1	-13	3	2025-10-17 10:45:04.013344+00	2025-10-17 12:00:00.021289+00	1	1	15	D07
22	f	\N	1	0	3	2025-10-16 21:31:03.34296+00	2025-10-17 09:18:49.690174+00	1	1	10	D07
25	f	\N	1	-2	3	2025-10-17 09:59:34.517945+00	2025-10-17 10:29:57.179841+00	1	1	11	D07
52	f	\N	1	\N	1	2025-10-20 10:02:28.30932+00	2025-10-20 10:13:15.514174+00	1	1	21	D07
43	f	\N	1	1	1	2025-10-18 11:48:59.714873+00	2025-10-18 12:43:47.887475+00	5	5	18	D03
44	f	\N	1	1	2	2025-10-18 11:48:59.726407+00	2025-10-18 12:43:47.891338+00	4	4	18	D03
45	f	\N	0	0	3	2025-10-18 11:48:59.732761+00	2025-10-18 12:43:47.892095+00	3	3	18	D03
46	f	\N	0	0	4	2025-10-18 11:48:59.737248+00	2025-10-18 12:43:47.89281+00	2	2	18	D03
21	f	\N	0	0	2	2025-10-16 21:31:03.335249+00	2025-10-17 09:18:49.687517+00	3	3	10	D03
28	f	\N	1	-1	3	2025-10-17 10:00:14.730507+00	2025-10-17 10:36:02.290458+00	1	1	12	D07
29	f	\N	1	-24	1	2025-10-17 10:42:12.412169+00	2025-10-17 10:54:16.229161+00	2	2	13	D03
23	f	\N	1	3	1	2025-10-17 09:59:34.497781+00	2025-10-17 10:29:57.17499+00	2	2	11	D03
31	f	\N	0	0	3	2025-10-17 10:42:12.432749+00	2025-10-17 10:54:16.233315+00	3	3	13	D03
27	f	\N	0	0	2	2025-10-17 10:00:14.722986+00	2025-10-17 10:36:02.287255+00	3	3	12	D03
26	f	\N	1	4	1	2025-10-17 10:00:14.711708+00	2025-10-17 10:36:02.286222+00	2	2	12	D03
35	f	\N	1	7	1	2025-10-17 10:45:03.994754+00	2025-10-17 12:00:00.017174+00	2	2	15	D03
20	f	\N	1	0	1	2025-10-16 21:31:03.323385+00	2025-10-17 09:18:49.686694+00	2	2	10	D03
30	f	\N	1	-13	2	2025-10-17 10:42:12.42499+00	2025-10-17 10:54:16.232367+00	1	1	13	D07
24	f	\N	0	0	2	2025-10-17 09:59:34.510664+00	2025-10-17 10:29:57.176262+00	3	3	11	D03
36	f	\N	0	0	2	2025-10-17 10:45:04.005359+00	2025-10-17 12:00:00.01793+00	3	3	15	D03
32	f	\N	1	-3	1	2025-10-17 10:42:24.441411+00	2025-10-17 10:57:13.390575+00	2	2	14	D03
34	f	\N	0	0	3	2025-10-17 10:42:24.462646+00	2025-10-17 10:57:13.394258+00	3	3	14	D03
38	f	\N	1	0	1	2025-10-17 21:08:25.068089+00	2025-10-18 11:28:42.009305+00	5	5	16	D03
39	f	\N	1	0	2	2025-10-17 21:08:25.079317+00	2025-10-18 11:28:42.01316+00	4	4	16	D03
48	f	\N	1	0	1	2025-10-20 10:02:28.258571+00	2025-10-20 10:21:51.207241+00	5	5	20	D03
42	f	\N	1	\N	1	2025-10-17 21:08:25.142437+00	2025-10-20 09:53:18.951006+00	1	1	17	D07
40	f	\N	0	0	3	2025-10-17 21:08:25.08733+00	2025-10-18 11:28:42.014275+00	3	3	16	D03
41	f	\N	0	0	4	2025-10-17 21:08:25.093967+00	2025-10-18 11:28:42.015093+00	2	2	16	D03
49	f	\N	1	0	2	2025-10-20 10:02:28.267767+00	2025-10-20 10:21:51.211969+00	4	4	20	D03
50	f	\N	0	0	3	2025-10-20 10:02:28.272217+00	2025-10-20 10:21:51.212904+00	3	3	20	D03
51	f	\N	0	0	4	2025-10-20 10:02:28.275251+00	2025-10-20 10:21:51.213724+00	2	2	20	D03
\.


--
-- Data for Name: trials_app_triallaboratoryresult; Type: TABLE DATA; Schema: public; Owner: -
--

COPY public.trials_app_triallaboratoryresult (id, is_deleted, deleted_at, value, text_value, analysis_date, sample_weight_kg, notes, created_at, updated_at, created_by_id, indicator_id, participant_id, trial_id) FROM stdin;
1	f	\N	43	\N	2025-10-17	\N	\N	2025-10-17 09:57:07.673679+00	2025-10-17 09:57:07.673693+00	1	14	20	10
2	f	\N	55	\N	2025-10-17	\N	\N	2025-10-17 09:57:07.679079+00	2025-10-17 09:57:07.679089+00	1	24	20	10
3	f	\N	32	\N	2025-10-17	\N	\N	2025-10-17 09:57:15.653809+00	2025-10-17 09:57:15.653821+00	1	14	21	10
4	f	\N	32	\N	2025-10-17	\N	\N	2025-10-17 09:57:15.658281+00	2025-10-17 09:57:15.658289+00	1	24	21	10
5	f	\N	32	\N	2025-10-17	\N	\N	2025-10-17 09:57:18.539867+00	2025-10-17 09:57:18.53988+00	1	14	22	10
6	f	\N	32	\N	2025-10-17	\N	\N	2025-10-17 09:57:18.544472+00	2025-10-17 09:57:18.544482+00	1	24	22	10
7	f	\N	11	\N	2025-10-17	\N	\N	2025-10-17 10:32:01.423861+00	2025-10-17 10:32:01.423874+00	1	14	23	11
8	f	\N	21	\N	2025-10-17	\N	\N	2025-10-17 10:32:01.427517+00	2025-10-17 10:32:01.427525+00	1	24	23	11
9	f	\N	12	\N	2025-10-17	\N	\N	2025-10-17 10:32:04.418822+00	2025-10-17 10:32:04.418838+00	1	14	24	11
10	f	\N	21	\N	2025-10-17	\N	\N	2025-10-17 10:32:04.422367+00	2025-10-17 10:32:04.422374+00	1	24	24	11
11	f	\N	12	\N	2025-10-17	\N	\N	2025-10-17 10:32:07.38464+00	2025-10-17 10:32:07.384653+00	1	14	25	11
12	f	\N	21	\N	2025-10-17	\N	\N	2025-10-17 10:32:07.388899+00	2025-10-17 10:32:07.38891+00	1	24	25	11
13	f	\N	1	\N	2025-10-17	\N	\N	2025-10-17 10:37:07.432389+00	2025-10-17 10:37:07.432398+00	1	14	26	12
14	f	\N	1	\N	2025-10-17	\N	\N	2025-10-17 10:37:07.436224+00	2025-10-17 10:37:07.436229+00	1	24	26	12
15	f	\N	2	\N	2025-10-17	\N	\N	2025-10-17 10:37:10.056274+00	2025-10-17 10:37:10.056287+00	1	14	27	12
16	f	\N	2	\N	2025-10-17	\N	\N	2025-10-17 10:37:10.060401+00	2025-10-17 10:37:10.060409+00	1	24	27	12
17	f	\N	2	\N	2025-10-17	\N	\N	2025-10-17 10:37:13.391212+00	2025-10-17 10:37:13.391225+00	1	14	28	12
18	f	\N	12	\N	2025-10-17	\N	\N	2025-10-17 10:37:13.395844+00	2025-10-17 10:37:13.395854+00	1	24	28	12
19	f	\N	4	\N	2025-10-17	\N	\N	2025-10-17 12:00:49.930807+00	2025-10-17 12:00:49.930819+00	1	14	35	15
20	f	\N	4	\N	2025-10-17	\N	\N	2025-10-17 12:00:49.935334+00	2025-10-17 12:00:49.935343+00	1	24	35	15
21	f	\N	3	\N	2025-10-17	\N	\N	2025-10-17 12:00:52.995236+00	2025-10-17 12:00:52.995247+00	1	14	36	15
22	f	\N	3	\N	2025-10-17	\N	\N	2025-10-17 12:00:52.999831+00	2025-10-17 12:00:52.999841+00	1	24	36	15
23	f	\N	3	\N	2025-10-17	\N	\N	2025-10-17 12:00:56.529759+00	2025-10-17 12:00:56.529772+00	1	14	37	15
24	f	\N	5	\N	2025-10-17	\N	\N	2025-10-17 12:00:56.533498+00	2025-10-17 12:00:56.533506+00	1	24	37	15
\.


--
-- Data for Name: trials_app_trialplanculture; Type: TABLE DATA; Schema: public; Owner: -
--

COPY public.trials_app_trialplanculture (id, is_deleted, deleted_at, created_at, updated_at, created_by_id, culture_id, trial_plan_id) FROM stdin;
1	f	\N	2025-10-16 09:05:04.505172+00	2025-10-16 09:05:04.505183+00	1	1	1
2	f	\N	2025-10-17 09:58:20.725831+00	2025-10-17 09:58:20.725843+00	1	1	2
3	f	\N	2025-10-17 12:07:17.208843+00	2025-10-17 12:07:17.208853+00	1	1	3
4	f	\N	2025-10-20 09:59:13.380955+00	2025-10-20 09:59:13.380972+00	1	1	4
5	f	\N	2025-10-20 10:00:24.234232+00	2025-10-20 10:00:24.234248+00	1	1	5
\.


--
-- Data for Name: trials_app_trialplanculturetrialtype; Type: TABLE DATA; Schema: public; Owner: -
--

COPY public.trials_app_trialplanculturetrialtype (id, is_deleted, deleted_at, created_at, updated_at, created_by_id, trial_plan_culture_id, trial_type_id, season) FROM stdin;
1	f	\N	2025-10-16 09:07:20.49279+00	2025-10-16 09:07:20.492799+00	1	1	1	spring
3	f	\N	2025-10-17 09:58:28.022206+00	2025-10-17 09:58:28.022217+00	1	2	1	spring
4	f	\N	2025-10-17 12:07:27.182156+00	2025-10-17 12:07:27.182168+00	1	3	1	spring
5	f	\N	2025-10-20 09:59:19.952907+00	2025-10-20 09:59:19.95292+00	1	4	4	spring
6	f	\N	2025-10-20 10:00:28.885563+00	2025-10-20 10:00:28.885576+00	1	5	4	spring
\.


--
-- Data for Name: trials_app_trialplanparticipant; Type: TABLE DATA; Schema: public; Owner: -
--

COPY public.trials_app_trialplanparticipant (id, is_deleted, deleted_at, patents_sort_id, statistical_group, seeds_provision, participant_number, maturity_group, created_at, updated_at, application_id, created_by_id, culture_trial_type_id) FROM stdin;
3	f	\N	2242	1	provided	1	D07	2025-10-16 11:15:36.29253+00	2025-10-16 11:15:36.292553+00	2	1	1
5	f	\N	2241	1	provided	3	D07	2025-10-16 11:21:00.461836+00	2025-10-16 11:21:00.461841+00	1	1	1
7	f	\N	2244	1	not_provided	4	D01	2025-10-16 17:04:29.282117+00	2025-10-16 17:04:29.282128+00	\N	1	1
4	f	\N	1926	0	provided	2	D07	2025-10-16 11:21:00.457264+00	2025-10-16 11:21:00.457269+00	3	1	1
8	f	\N	2242	1	provided	1	D07	2025-10-17 10:39:14.202221+00	2025-10-17 10:39:14.202233+00	2	1	3
9	f	\N	2241	1	provided	2	D07	2025-10-17 10:39:14.208638+00	2025-10-17 10:39:14.208643+00	1	1	3
10	f	\N	1926	0	provided	3	D07	2025-10-17 10:39:14.211609+00	2025-10-17 10:39:14.211614+00	3	1	3
11	f	\N	2243	1	provided	1	D03	2025-10-17 12:11:29.529415+00	2025-10-17 12:11:29.529425+00	5	1	4
12	f	\N	2244	1	provided	2	D03	2025-10-17 12:11:29.534201+00	2025-10-17 12:11:29.534208+00	4	1	4
15	f	\N	2241	1	provided	5	D07	2025-10-17 12:11:29.545446+00	2025-10-17 12:11:29.545452+00	1	1	4
14	f	\N	2242	0	provided	4	D03	2025-10-17 12:11:29.541836+00	2025-10-17 12:11:29.541841+00	2	1	4
13	f	\N	1926	0	provided	3	D03	2025-10-17 12:11:29.537781+00	2025-10-17 12:11:29.537786+00	3	1	4
\.


--
-- Data for Name: trials_app_trialplantrial; Type: TABLE DATA; Schema: public; Owner: -
--

COPY public.trials_app_trialplantrial (id, is_deleted, deleted_at, predecessor, seeding_rate, season, created_at, updated_at, created_by_id, participant_id, region_id) FROM stdin;
1	f	\N	fallow	5	spring	2025-10-16 11:21:00.451176+00	2025-10-16 11:21:00.451186+00	1	3	48
2	f	\N	fallow	5	spring	2025-10-16 11:21:00.454231+00	2025-10-16 11:21:00.454237+00	1	3	47
3	f	\N	fallow	5	spring	2025-10-16 11:21:00.454838+00	2025-10-16 11:21:00.454843+00	1	3	50
4	f	\N	fallow	5	spring	2025-10-16 11:21:00.458263+00	2025-10-16 11:21:00.45827+00	1	4	48
5	f	\N	fallow	5	spring	2025-10-16 11:21:00.459073+00	2025-10-16 11:21:00.45908+00	1	4	47
6	f	\N	fallow	5	spring	2025-10-16 11:21:00.45984+00	2025-10-16 11:21:00.459845+00	1	4	50
7	f	\N	fallow	5	spring	2025-10-16 11:21:00.462553+00	2025-10-16 11:21:00.462557+00	1	5	48
8	f	\N	fallow	5	spring	2025-10-16 11:21:00.462966+00	2025-10-16 11:21:00.46297+00	1	5	47
9	f	\N	fallow	5	spring	2025-10-16 11:21:00.463357+00	2025-10-16 11:21:00.463361+00	1	5	50
11	f	\N	fallow	5	spring	2025-10-16 17:04:29.284865+00	2025-10-16 17:04:29.284875+00	1	7	48
12	f	\N	fallow	5	spring	2025-10-17 10:39:14.204823+00	2025-10-17 10:39:14.20483+00	1	8	50
13	f	\N	fallow	5	spring	2025-10-17 10:39:14.206385+00	2025-10-17 10:39:14.20639+00	1	8	48
14	f	\N	fallow	5	spring	2025-10-17 10:39:14.206884+00	2025-10-17 10:39:14.206887+00	1	8	48
15	f	\N	fallow	5	spring	2025-10-17 10:39:14.209261+00	2025-10-17 10:39:14.20927+00	1	9	50
16	f	\N	fallow	5	spring	2025-10-17 10:39:14.209741+00	2025-10-17 10:39:14.209747+00	1	9	48
17	f	\N	fallow	5	spring	2025-10-17 10:39:14.210168+00	2025-10-17 10:39:14.210172+00	1	9	48
18	f	\N	fallow	5	spring	2025-10-17 10:39:14.212361+00	2025-10-17 10:39:14.21237+00	1	10	50
19	f	\N	fallow	5	spring	2025-10-17 10:39:14.212999+00	2025-10-17 10:39:14.213005+00	1	10	48
20	f	\N	fallow	5	spring	2025-10-17 10:39:14.213832+00	2025-10-17 10:39:14.213839+00	1	10	48
21	f	\N	fallow	5	spring	2025-10-17 10:44:02.955774+00	2025-10-17 10:44:02.955821+00	1	8	47
22	f	\N	fallow	5	spring	2025-10-17 10:44:02.959564+00	2025-10-17 10:44:02.95957+00	1	10	47
23	f	\N	fallow	5	spring	2025-10-17 10:44:02.961013+00	2025-10-17 10:44:02.961018+00	1	9	47
24	f	\N	fallow	5	spring	2025-10-17 12:11:29.530849+00	2025-10-17 12:11:29.530854+00	1	11	48
25	f	\N	fallow	5	spring	2025-10-17 12:11:29.531787+00	2025-10-17 12:11:29.531792+00	1	11	50
26	f	\N	fallow	5	spring	2025-10-17 12:11:29.532298+00	2025-10-17 12:11:29.532302+00	1	11	47
27	f	\N	fallow	5	spring	2025-10-17 12:11:29.534658+00	2025-10-17 12:11:29.534663+00	1	12	48
28	f	\N	fallow	5	spring	2025-10-17 12:11:29.535328+00	2025-10-17 12:11:29.535335+00	1	12	50
29	f	\N	fallow	5	spring	2025-10-17 12:11:29.535956+00	2025-10-17 12:11:29.535961+00	1	12	47
30	f	\N	fallow	5	spring	2025-10-17 12:11:29.538251+00	2025-10-17 12:11:29.538256+00	1	13	48
31	f	\N	fallow	5	spring	2025-10-17 12:11:29.538643+00	2025-10-17 12:11:29.538646+00	1	13	50
32	f	\N	fallow	5	spring	2025-10-17 12:11:29.540216+00	2025-10-17 12:11:29.540222+00	1	13	47
33	f	\N	fallow	5	spring	2025-10-17 12:11:29.542239+00	2025-10-17 12:11:29.542243+00	1	14	48
34	f	\N	fallow	5	spring	2025-10-17 12:11:29.542779+00	2025-10-17 12:11:29.542782+00	1	14	50
35	f	\N	fallow	5	spring	2025-10-17 12:11:29.543346+00	2025-10-17 12:11:29.543354+00	1	14	47
36	f	\N	fallow	5	spring	2025-10-17 12:11:29.545898+00	2025-10-17 12:11:29.545902+00	1	15	48
37	f	\N	fallow	5	spring	2025-10-17 12:11:29.546236+00	2025-10-17 12:11:29.54624+00	1	15	50
38	f	\N	fallow	5	spring	2025-10-17 12:11:29.546566+00	2025-10-17 12:11:29.546569+00	1	15	47
\.


--
-- Data for Name: trials_app_trialresult; Type: TABLE DATA; Schema: public; Owner: -
--

COPY public.trials_app_trialresult (id, is_deleted, deleted_at, value, text_value, measurement_date, notes, created_at, updated_at, created_by_id, indicator_id, participant_id, sort_record_id, trial_id, plot_1, plot_2, plot_3, plot_4, is_rejected, rejection_reason, is_restored) FROM stdin;
145	f	\N	6	\N	2025-10-02	\N	2025-10-17 06:50:32.487569+00	2025-10-17 09:18:49.67293+00	1	7	22	1	10	\N	\N	\N	\N	f	\N	f
132	f	\N	32.3	\N	2025-10-02	\N	2025-10-16 21:31:03.346703+00	2025-10-17 09:18:49.675175+00	1	10	22	1	10	\N	\N	\N	\N	f	\N	f
133	f	\N	32	\N	2025-10-02	\N	2025-10-16 21:31:03.347609+00	2025-10-17 09:18:49.67775+00	1	18	22	1	10	\N	\N	\N	\N	f	\N	f
131	f	\N	2.3	\N	2025-10-02	\N	2025-10-16 21:31:03.344812+00	2025-10-17 09:18:49.679952+00	1	1	22	1	10	2.3	2.3	2.3	2.3	f	\N	f
148	f	\N	\N	\N	\N	\N	2025-10-17 09:37:30.634342+00	2025-10-17 09:37:30.634352+00	1	14	20	2	10	\N	\N	\N	\N	f	\N	f
149	f	\N	\N	\N	\N	\N	2025-10-17 09:37:30.637475+00	2025-10-17 09:37:30.637484+00	1	24	20	2	10	\N	\N	\N	\N	f	\N	f
150	f	\N	\N	\N	\N	\N	2025-10-17 09:37:30.640419+00	2025-10-17 09:37:30.640427+00	1	14	21	3	10	\N	\N	\N	\N	f	\N	f
125	f	\N	2	\N	2025-10-02	\N	2025-10-16 21:31:03.33452+00	2025-10-17 09:18:49.603046+00	1	22	20	2	10	\N	\N	\N	\N	f	\N	f
124	f	\N	3	\N	2025-10-02	\N	2025-10-16 21:31:03.333458+00	2025-10-17 09:18:49.606356+00	1	20	20	2	10	\N	\N	\N	\N	f	\N	f
137	f	\N	343	\N	2025-10-02	\N	2025-10-17 06:45:07.064657+00	2025-10-17 09:18:49.61+00	1	4	20	2	10	\N	\N	\N	\N	f	\N	f
138	f	\N	8	\N	2025-10-02	\N	2025-10-17 06:45:41.471194+00	2025-10-17 09:18:49.612888+00	1	8	20	2	10	\N	\N	\N	\N	f	\N	f
151	f	\N	\N	\N	\N	\N	2025-10-17 09:37:30.641821+00	2025-10-17 09:37:30.641827+00	1	24	21	3	10	\N	\N	\N	\N	f	\N	f
152	f	\N	\N	\N	\N	\N	2025-10-17 09:37:30.643677+00	2025-10-17 09:37:30.643684+00	1	14	22	1	10	\N	\N	\N	\N	f	\N	f
153	f	\N	\N	\N	\N	\N	2025-10-17 09:37:30.645047+00	2025-10-17 09:37:30.645074+00	1	24	22	1	10	\N	\N	\N	\N	f	\N	f
136	f	\N	1	\N	2025-10-02	\N	2025-10-17 06:24:06.277522+00	2025-10-17 09:18:49.615551+00	1	6	20	2	10	\N	\N	\N	\N	f	\N	f
140	f	\N	7	\N	2025-10-02	\N	2025-10-17 06:50:32.4457+00	2025-10-17 09:18:49.618297+00	1	7	20	2	10	\N	\N	\N	\N	f	\N	f
122	f	\N	32	\N	2025-10-02	\N	2025-10-16 21:31:03.331139+00	2025-10-17 09:18:49.620854+00	1	10	20	2	10	\N	\N	\N	\N	f	\N	f
123	f	\N	32	\N	2025-10-02	\N	2025-10-16 21:31:03.332359+00	2025-10-17 09:18:49.624364+00	1	18	20	2	10	\N	\N	\N	\N	f	\N	f
121	f	\N	2.3	\N	2025-10-02	\N	2025-10-16 21:31:03.32621+00	2025-10-17 09:18:49.627309+00	1	1	20	2	10	2.3	2.3	2.3	2.3	f	\N	f
130	f	\N	2	\N	2025-10-02	\N	2025-10-16 21:31:03.341833+00	2025-10-17 09:18:49.635582+00	1	22	21	3	10	\N	\N	\N	\N	f	\N	f
129	f	\N	6	\N	2025-10-02	\N	2025-10-16 21:31:03.340909+00	2025-10-17 09:18:49.638382+00	1	20	21	3	10	\N	\N	\N	\N	f	\N	f
139	f	\N	35	\N	2025-10-02	\N	2025-10-17 06:50:15.147102+00	2025-10-17 09:18:49.641154+00	1	4	21	3	10	\N	\N	\N	\N	f	\N	f
146	f	\N	3	\N	2025-10-02	\N	2025-10-17 06:50:38.366516+00	2025-10-17 09:18:49.644049+00	1	8	21	3	10	\N	\N	\N	\N	f	\N	f
141	f	\N	3	\N	2025-10-02	\N	2025-10-17 06:50:32.465529+00	2025-10-17 09:18:49.646793+00	1	6	21	3	10	\N	\N	\N	\N	f	\N	f
142	f	\N	3	\N	2025-10-02	\N	2025-10-17 06:50:32.466825+00	2025-10-17 09:18:49.649244+00	1	7	21	3	10	\N	\N	\N	\N	f	\N	f
127	f	\N	32	\N	2025-10-02	\N	2025-10-16 21:31:03.338653+00	2025-10-17 09:18:49.652108+00	1	10	21	3	10	\N	\N	\N	\N	f	\N	f
128	f	\N	32	\N	2025-10-02	\N	2025-10-16 21:31:03.339925+00	2025-10-17 09:18:49.654685+00	1	18	21	3	10	\N	\N	\N	\N	f	\N	f
126	f	\N	2.6	\N	2025-10-02	\N	2025-10-16 21:31:03.337195+00	2025-10-17 09:18:49.657036+00	1	1	21	3	10	2.6	2.6	2.6	2.6	f	\N	f
135	f	\N	2	\N	2025-10-02	\N	2025-10-16 21:31:03.349246+00	2025-10-17 09:18:49.661041+00	1	22	22	1	10	\N	\N	\N	\N	f	\N	f
134	f	\N	2	\N	2025-10-02	\N	2025-10-16 21:31:03.348429+00	2025-10-17 09:18:49.663418+00	1	20	22	1	10	\N	\N	\N	\N	f	\N	f
143	f	\N	303	\N	2025-10-02	\N	2025-10-17 06:50:32.484521+00	2025-10-17 09:18:49.665576+00	1	4	22	1	10	\N	\N	\N	\N	f	\N	f
147	f	\N	3	\N	2025-10-02	\N	2025-10-17 06:50:53.931476+00	2025-10-17 09:18:49.668142+00	1	8	22	1	10	\N	\N	\N	\N	f	\N	f
144	f	\N	3	\N	2025-10-02	\N	2025-10-17 06:50:32.486198+00	2025-10-17 09:18:49.670689+00	1	6	22	1	10	\N	\N	\N	\N	f	\N	f
160	f	\N	1	\N	2025-10-16	\N	2025-10-17 09:59:34.514044+00	2025-10-17 10:29:57.128073+00	1	10	24	3	11	\N	\N	\N	\N	f	\N	f
161	f	\N	21	\N	2025-10-16	\N	2025-10-17 09:59:34.514918+00	2025-10-17 10:29:57.131073+00	1	18	24	3	11	\N	\N	\N	\N	f	\N	f
168	f	\N	2	\N	2025-10-16	\N	2025-10-17 09:59:34.524618+00	2025-10-17 10:29:57.144832+00	1	22	25	1	11	\N	\N	\N	\N	f	\N	f
167	f	\N	1	\N	2025-10-16	\N	2025-10-17 09:59:34.523741+00	2025-10-17 10:29:57.153518+00	1	20	25	1	11	\N	\N	\N	\N	f	\N	f
165	f	\N	11.8	\N	2025-10-16	\N	2025-10-17 09:59:34.522028+00	2025-10-17 10:29:57.160828+00	1	10	25	1	11	\N	\N	\N	\N	f	\N	f
166	f	\N	12	\N	2025-10-16	\N	2025-10-17 09:59:34.522887+00	2025-10-17 10:29:57.163756+00	1	18	25	1	11	\N	\N	\N	\N	f	\N	f
164	f	\N	8	\N	2025-10-16	\N	2025-10-17 09:59:34.520019+00	2025-10-17 10:29:57.166447+00	1	1	25	1	11	8	8	8	8	f	\N	f
176	f	\N	21	\N	2025-10-03	\N	2025-10-17 10:00:14.727154+00	2025-10-17 10:36:02.259782+00	1	18	27	3	12	\N	\N	\N	\N	f	\N	f
157	f	\N	2	\N	2025-10-16	\N	2025-10-17 09:59:34.508794+00	2025-10-17 10:29:57.098962+00	1	20	23	2	11	\N	\N	\N	\N	f	\N	f
155	f	\N	1	\N	2025-10-16	\N	2025-10-17 09:59:34.506397+00	2025-10-17 10:29:57.103097+00	1	10	23	2	11	\N	\N	\N	\N	f	\N	f
156	f	\N	12	\N	2025-10-16	\N	2025-10-17 09:59:34.507634+00	2025-10-17 10:29:57.10702+00	1	18	23	2	11	\N	\N	\N	\N	f	\N	f
163	f	\N	1	\N	2025-10-16	\N	2025-10-17 09:59:34.516835+00	2025-10-17 10:29:57.12141+00	1	22	24	3	11	\N	\N	\N	\N	f	\N	f
162	f	\N	1	\N	2025-10-16	\N	2025-10-17 09:59:34.51587+00	2025-10-17 10:29:57.124357+00	1	20	24	3	11	\N	\N	\N	\N	f	\N	f
174	f	\N	11.125	\N	2025-10-03	\N	2025-10-17 10:00:14.72491+00	2025-10-17 10:36:02.262843+00	1	1	27	3	12	11.1	11.1	11.2	11.1	f	\N	f
183	f	\N	1	\N	2025-10-03	\N	2025-10-17 10:00:14.737226+00	2025-10-17 10:36:02.26699+00	1	22	28	1	12	\N	\N	\N	\N	f	\N	f
182	f	\N	1	\N	2025-10-03	\N	2025-10-17 10:00:14.735999+00	2025-10-17 10:36:02.270183+00	1	20	28	1	12	\N	\N	\N	\N	f	\N	f
180	f	\N	12	\N	2025-10-03	\N	2025-10-17 10:00:14.734114+00	2025-10-17 10:36:02.272611+00	1	10	28	1	12	\N	\N	\N	\N	f	\N	f
181	f	\N	21	\N	2025-10-03	\N	2025-10-17 10:00:14.735036+00	2025-10-17 10:36:02.275022+00	1	18	28	1	12	\N	\N	\N	\N	f	\N	f
172	f	\N	2	\N	2025-10-03	\N	2025-10-17 10:00:14.720851+00	2025-10-17 10:36:02.229806+00	1	20	26	2	12	\N	\N	\N	\N	f	\N	f
171	f	\N	21	\N	2025-10-03	\N	2025-10-17 10:00:14.719623+00	2025-10-17 10:36:02.236672+00	1	18	26	2	12	\N	\N	\N	\N	f	\N	f
178	f	\N	2	\N	2025-10-03	\N	2025-10-17 10:00:14.729244+00	2025-10-17 10:36:02.249961+00	1	22	27	3	12	\N	\N	\N	\N	f	\N	f
177	f	\N	2	\N	2025-10-03	\N	2025-10-17 10:00:14.728059+00	2025-10-17 10:36:02.253425+00	1	20	27	3	12	\N	\N	\N	\N	f	\N	f
175	f	\N	11	\N	2025-10-03	\N	2025-10-17 10:00:14.72624+00	2025-10-17 10:36:02.256731+00	1	10	27	3	12	\N	\N	\N	\N	f	\N	f
173	f	\N	3	\N	2025-10-03	\N	2025-10-17 10:00:14.722334+00	2025-10-17 10:36:02.225851+00	1	22	26	2	12	\N	\N	\N	\N	f	\N	f
170	f	\N	11	\N	2025-10-03	\N	2025-10-17 10:00:14.718219+00	2025-10-17 10:36:02.232825+00	1	10	26	2	12	\N	\N	\N	\N	f	\N	f
169	f	\N	14.3	\N	2025-10-03	\N	2025-10-17 10:00:14.714466+00	2025-10-17 10:36:02.239599+00	1	1	26	2	12	14.3	14.4	14.3	14.2	f	\N	f
179	f	\N	9.8	\N	2025-10-03	\N	2025-10-17 10:00:14.732299+00	2025-10-17 10:36:02.278328+00	1	1	28	1	12	9.8	9.8	9.8	9.8	f	\N	f
190	f	\N	\N	\N	\N	\N	2025-10-17 10:37:03.690691+00	2025-10-17 10:37:03.690702+00	1	14	26	2	12	\N	\N	\N	\N	f	\N	f
191	f	\N	\N	\N	\N	\N	2025-10-17 10:37:03.693873+00	2025-10-17 10:37:03.693883+00	1	24	26	2	12	\N	\N	\N	\N	f	\N	f
192	f	\N	\N	\N	\N	\N	2025-10-17 10:37:03.696346+00	2025-10-17 10:37:03.696354+00	1	14	27	3	12	\N	\N	\N	\N	f	\N	f
193	f	\N	\N	\N	\N	\N	2025-10-17 10:37:03.697855+00	2025-10-17 10:37:03.697862+00	1	24	27	3	12	\N	\N	\N	\N	f	\N	f
194	f	\N	\N	\N	\N	\N	2025-10-17 10:37:03.699856+00	2025-10-17 10:37:03.699863+00	1	14	28	1	12	\N	\N	\N	\N	f	\N	f
195	f	\N	\N	\N	\N	\N	2025-10-17 10:37:03.701581+00	2025-10-17 10:37:03.701589+00	1	24	28	1	12	\N	\N	\N	\N	f	\N	f
158	f	\N	1	\N	2025-10-16	\N	2025-10-17 09:59:34.509962+00	2025-10-17 10:29:57.094113+00	1	22	23	2	11	\N	\N	\N	\N	f	\N	f
154	f	\N	10.399999999999999	\N	2025-10-16	\N	2025-10-17 09:59:34.500527+00	2025-10-17 10:29:57.111282+00	1	1	23	2	11	10.2	10.2	10.2	11	f	\N	f
159	f	\N	9	\N	2025-10-16	\N	2025-10-17 09:59:34.51271+00	2025-10-17 10:29:57.134863+00	1	1	24	3	11	9	9	9	9	f	\N	f
184	f	\N	\N	\N	\N	\N	2025-10-17 10:31:56.094084+00	2025-10-17 10:31:56.094098+00	1	14	23	2	11	\N	\N	\N	\N	f	\N	f
185	f	\N	\N	\N	\N	\N	2025-10-17 10:31:56.097741+00	2025-10-17 10:31:56.09775+00	1	24	23	2	11	\N	\N	\N	\N	f	\N	f
186	f	\N	\N	\N	\N	\N	2025-10-17 10:31:56.100127+00	2025-10-17 10:31:56.100135+00	1	14	24	3	11	\N	\N	\N	\N	f	\N	f
187	f	\N	\N	\N	\N	\N	2025-10-17 10:31:56.101803+00	2025-10-17 10:31:56.101811+00	1	24	24	3	11	\N	\N	\N	\N	f	\N	f
188	f	\N	\N	\N	\N	\N	2025-10-17 10:31:56.104308+00	2025-10-17 10:31:56.104316+00	1	14	25	1	11	\N	\N	\N	\N	f	\N	f
189	f	\N	\N	\N	\N	\N	2025-10-17 10:31:56.106024+00	2025-10-17 10:31:56.106029+00	1	24	25	1	11	\N	\N	\N	\N	f	\N	f
208	f	\N	\N	\N	2025-10-01	\N	2025-10-17 10:42:12.437206+00	2025-10-17 10:54:16.221715+00	1	18	31	3	13	\N	\N	\N	\N	f	\N	f
206	f	\N	17.8	\N	2025-10-01	\N	2025-10-17 10:42:12.434736+00	2025-10-17 10:54:16.224101+00	1	1	31	3	13	17.8	17.8	17.8	17.8	f	\N	f
241	f	\N	\N	\N	\N	\N	2025-10-17 10:54:33.062411+00	2025-10-17 10:54:33.062422+00	1	14	29	2	13	\N	\N	\N	\N	f	\N	f
200	f	\N	3	\N	2025-10-01	\N	2025-10-17 10:42:12.422713+00	2025-10-17 10:54:16.170082+00	1	22	29	2	13	\N	\N	\N	\N	f	\N	f
199	f	\N	1	\N	2025-10-01	\N	2025-10-17 10:42:12.421637+00	2025-10-17 10:54:16.17469+00	1	20	29	2	13	\N	\N	\N	\N	f	\N	f
197	f	\N	12	\N	2025-10-01	\N	2025-10-17 10:42:12.41931+00	2025-10-17 10:54:16.178481+00	1	10	29	2	13	\N	\N	\N	\N	f	\N	f
198	f	\N	12	\N	2025-10-01	\N	2025-10-17 10:42:12.420534+00	2025-10-17 10:54:16.182172+00	1	18	29	2	13	\N	\N	\N	\N	f	\N	f
196	f	\N	14.6	\N	2025-10-01	\N	2025-10-17 10:42:12.414872+00	2025-10-17 10:54:16.185572+00	1	1	29	2	13	14.7	14.5	14.7	14.5	f	\N	f
205	f	\N	3	\N	2025-10-01	\N	2025-10-17 10:42:12.432276+00	2025-10-17 10:54:16.195468+00	1	22	30	1	13	\N	\N	\N	\N	f	\N	f
204	f	\N	6	\N	2025-10-01	\N	2025-10-17 10:42:12.431445+00	2025-10-17 10:54:16.198668+00	1	20	30	1	13	\N	\N	\N	\N	f	\N	f
202	f	\N	21	\N	2025-10-01	\N	2025-10-17 10:42:12.429694+00	2025-10-17 10:54:16.201837+00	1	10	30	1	13	\N	\N	\N	\N	f	\N	f
203	f	\N	12	\N	2025-10-01	\N	2025-10-17 10:42:12.430571+00	2025-10-17 10:54:16.204479+00	1	18	30	1	13	\N	\N	\N	\N	f	\N	f
201	f	\N	16	\N	2025-10-01	\N	2025-10-17 10:42:12.426946+00	2025-10-17 10:54:16.207075+00	1	1	30	1	13	16	16	16	16	f	\N	f
210	f	\N	2	\N	2025-10-01	\N	2025-10-17 10:42:12.438806+00	2025-10-17 10:54:16.213839+00	1	22	31	3	13	\N	\N	\N	\N	f	\N	f
209	f	\N	3	\N	2025-10-01	\N	2025-10-17 10:42:12.437982+00	2025-10-17 10:54:16.216481+00	1	20	31	3	13	\N	\N	\N	\N	f	\N	f
207	f	\N	21	\N	2025-10-01	\N	2025-10-17 10:42:12.436345+00	2025-10-17 10:54:16.219355+00	1	10	31	3	13	\N	\N	\N	\N	f	\N	f
242	f	\N	\N	\N	\N	\N	2025-10-17 10:54:33.065677+00	2025-10-17 10:54:33.065686+00	1	24	29	2	13	\N	\N	\N	\N	f	\N	f
222	f	\N	11.8	\N	2025-09-30	\N	2025-10-17 10:42:24.465454+00	2025-10-17 10:57:13.380419+00	1	10	34	3	14	\N	\N	\N	\N	f	\N	f
223	f	\N	12	\N	2025-09-30	\N	2025-10-17 10:42:24.466633+00	2025-10-17 10:57:13.382844+00	1	18	34	3	14	\N	\N	\N	\N	f	\N	f
221	f	\N	7.1	\N	2025-09-30	\N	2025-10-17 10:42:24.464235+00	2025-10-17 10:57:13.385252+00	1	1	34	3	14	7.1	7	7.2	7.1	f	\N	f
238	f	\N	4	\N	2025-10-02	\N	2025-10-17 10:45:04.017878+00	2025-10-17 11:59:59.999937+00	1	18	37	1	15	\N	\N	\N	\N	f	\N	f
212	f	\N	21	\N	2025-09-30	\N	2025-10-17 10:42:24.448153+00	2025-10-17 10:57:13.338224+00	1	10	32	2	14	\N	\N	\N	\N	f	\N	f
213	f	\N	12	\N	2025-09-30	\N	2025-10-17 10:42:24.449243+00	2025-10-17 10:57:13.341668+00	1	18	32	2	14	\N	\N	\N	\N	f	\N	f
220	f	\N	2	\N	2025-09-30	\N	2025-10-17 10:42:24.462177+00	2025-10-17 10:57:13.354858+00	1	22	33	1	14	\N	\N	\N	\N	f	\N	f
219	f	\N	2	\N	2025-09-30	\N	2025-10-17 10:42:24.46128+00	2025-10-17 10:57:13.358204+00	1	20	33	1	14	\N	\N	\N	\N	f	\N	f
217	f	\N	21	\N	2025-09-30	\N	2025-10-17 10:42:24.459203+00	2025-10-17 10:57:13.361041+00	1	10	33	1	14	\N	\N	\N	\N	f	\N	f
218	f	\N	12	\N	2025-09-30	\N	2025-10-17 10:42:24.460301+00	2025-10-17 10:57:13.364281+00	1	18	33	1	14	\N	\N	\N	\N	f	\N	f
225	f	\N	2	\N	2025-09-30	\N	2025-10-17 10:42:24.468736+00	2025-10-17 10:57:13.374592+00	1	22	34	3	14	\N	\N	\N	\N	f	\N	f
224	f	\N	3	\N	2025-09-30	\N	2025-10-17 10:42:24.467838+00	2025-10-17 10:57:13.377293+00	1	20	34	3	14	\N	\N	\N	\N	f	\N	f
229	f	\N	4	\N	2025-10-02	\N	2025-10-17 10:45:04.003817+00	2025-10-17 11:59:59.932702+00	1	20	35	2	15	\N	\N	\N	\N	f	\N	f
227	f	\N	1	\N	2025-10-02	\N	2025-10-17 10:45:04.001263+00	2025-10-17 11:59:59.937393+00	1	10	35	2	15	\N	\N	\N	\N	f	\N	f
228	f	\N	4	\N	2025-10-02	\N	2025-10-17 10:45:04.002706+00	2025-10-17 11:59:59.940529+00	1	18	35	2	15	\N	\N	\N	\N	f	\N	f
226	f	\N	24.4	\N	2025-10-02	\N	2025-10-17 10:45:03.997234+00	2025-10-17 11:59:59.943925+00	1	1	35	2	15	24.4	24.4	24.3	24.5	f	\N	f
235	f	\N	4	\N	2025-10-02	\N	2025-10-17 10:45:04.012254+00	2025-10-17 11:59:59.968385+00	1	22	36	3	15	\N	\N	\N	\N	f	\N	f
234	f	\N	3	\N	2025-10-02	\N	2025-10-17 10:45:04.010799+00	2025-10-17 11:59:59.9721+00	1	20	36	3	15	\N	\N	\N	\N	f	\N	f
232	f	\N	2	\N	2025-10-02	\N	2025-10-17 10:45:04.008256+00	2025-10-17 11:59:59.974951+00	1	10	36	3	15	\N	\N	\N	\N	f	\N	f
233	f	\N	4	\N	2025-10-02	\N	2025-10-17 10:45:04.009641+00	2025-10-17 11:59:59.978326+00	1	18	36	3	15	\N	\N	\N	\N	f	\N	f
240	f	\N	3	\N	2025-10-02	\N	2025-10-17 10:45:04.019691+00	2025-10-17 11:59:59.992524+00	1	22	37	1	15	\N	\N	\N	\N	f	\N	f
239	f	\N	1	\N	2025-10-02	\N	2025-10-17 10:45:04.01881+00	2025-10-17 11:59:59.99533+00	1	20	37	1	15	\N	\N	\N	\N	f	\N	f
237	f	\N	3	\N	2025-10-02	\N	2025-10-17 10:45:04.016588+00	2025-10-17 11:59:59.997702+00	1	10	37	1	15	\N	\N	\N	\N	f	\N	f
243	f	\N	\N	\N	\N	\N	2025-10-17 10:54:33.068186+00	2025-10-17 10:54:33.068193+00	1	14	30	1	13	\N	\N	\N	\N	f	\N	f
244	f	\N	\N	\N	\N	\N	2025-10-17 10:54:33.069682+00	2025-10-17 10:54:33.069688+00	1	24	30	1	13	\N	\N	\N	\N	f	\N	f
245	f	\N	\N	\N	\N	\N	2025-10-17 10:54:33.071376+00	2025-10-17 10:54:33.071382+00	1	14	31	3	13	\N	\N	\N	\N	f	\N	f
246	f	\N	\N	\N	\N	\N	2025-10-17 10:54:33.072811+00	2025-10-17 10:54:33.072819+00	1	24	31	3	13	\N	\N	\N	\N	f	\N	f
265	f	\N	\N	\N	\N	\N	2025-10-17 12:00:35.322473+00	2025-10-17 12:00:35.322479+00	1	24	36	3	15	\N	\N	\N	\N	f	\N	f
266	f	\N	\N	\N	\N	\N	2025-10-17 12:00:35.324304+00	2025-10-17 12:00:35.32431+00	1	14	37	1	15	\N	\N	\N	\N	f	\N	f
267	f	\N	\N	\N	\N	\N	2025-10-17 12:00:35.325612+00	2025-10-17 12:00:35.325618+00	1	24	37	1	15	\N	\N	\N	\N	f	\N	f
230	f	\N	4	\N	2025-10-02	\N	2025-10-17 10:45:04.004838+00	2025-10-17 11:59:59.928886+00	1	22	35	2	15	\N	\N	\N	\N	f	\N	f
253	f	\N	30	\N	2025-10-02	\N	2025-10-17 11:59:29.887251+00	2025-10-17 11:59:59.953633+00	1	4	35	2	15	\N	\N	\N	\N	f	\N	f
256	f	\N	1	\N	2025-10-02	\N	2025-10-17 11:59:38.192026+00	2025-10-17 11:59:59.960965+00	1	9	35	2	15	\N	\N	\N	\N	f	\N	f
259	f	\N	6	\N	2025-10-02	\N	2025-10-17 11:59:52.729146+00	2025-10-17 11:59:59.964929+00	1	5	35	2	15	\N	\N	\N	\N	f	\N	f
231	f	\N	23.525	\N	2025-10-02	\N	2025-10-17 10:45:04.006972+00	2025-10-17 11:59:59.981158+00	1	1	36	3	15	23.5	23.5	23.6	23.5	f	\N	f
215	f	\N	2	\N	2025-09-30	\N	2025-10-17 10:42:24.451897+00	2025-10-17 10:57:13.330222+00	1	22	32	2	14	\N	\N	\N	\N	f	\N	f
214	f	\N	1	\N	2025-09-30	\N	2025-10-17 10:42:24.450635+00	2025-10-17 10:57:13.334195+00	1	20	32	2	14	\N	\N	\N	\N	f	\N	f
211	f	\N	6.6	\N	2025-09-30	\N	2025-10-17 10:42:24.444406+00	2025-10-17 10:57:13.345306+00	1	1	32	2	14	6.6	6.7	6.5	6.6	f	\N	f
216	f	\N	3.2	\N	2025-09-30	\N	2025-10-17 10:42:24.456173+00	2025-10-17 10:57:13.367295+00	1	1	33	1	14	3.2	3.2	3.1	3.3	f	\N	f
247	f	\N	\N	\N	\N	\N	2025-10-17 10:57:25.660933+00	2025-10-17 10:57:25.660944+00	1	14	32	2	14	\N	\N	\N	\N	f	\N	f
248	f	\N	\N	\N	\N	\N	2025-10-17 10:57:25.663648+00	2025-10-17 10:57:25.663656+00	1	24	32	2	14	\N	\N	\N	\N	f	\N	f
249	f	\N	\N	\N	\N	\N	2025-10-17 10:57:25.665708+00	2025-10-17 10:57:25.665714+00	1	14	33	1	14	\N	\N	\N	\N	f	\N	f
250	f	\N	\N	\N	\N	\N	2025-10-17 10:57:25.667139+00	2025-10-17 10:57:25.667145+00	1	24	33	1	14	\N	\N	\N	\N	f	\N	f
251	f	\N	\N	\N	\N	\N	2025-10-17 10:57:25.669106+00	2025-10-17 10:57:25.669112+00	1	14	34	3	14	\N	\N	\N	\N	f	\N	f
252	f	\N	\N	\N	\N	\N	2025-10-17 10:57:25.671042+00	2025-10-17 10:57:25.671051+00	1	24	34	3	14	\N	\N	\N	\N	f	\N	f
254	f	\N	30	\N	2025-10-02	\N	2025-10-17 11:59:35.397257+00	2025-10-17 11:59:59.984181+00	1	4	36	3	15	\N	\N	\N	\N	f	\N	f
257	f	\N	1	\N	2025-10-02	\N	2025-10-17 11:59:43.073883+00	2025-10-17 11:59:59.987035+00	1	9	36	3	15	\N	\N	\N	\N	f	\N	f
260	f	\N	6	\N	2025-10-02	\N	2025-10-17 11:59:52.751976+00	2025-10-17 11:59:59.989641+00	1	5	36	3	15	\N	\N	\N	\N	f	\N	f
236	f	\N	22	\N	2025-10-02	\N	2025-10-17 10:45:04.014899+00	2025-10-17 12:00:00.002468+00	1	1	37	1	15	22	22	22	22	f	\N	f
255	f	\N	30	\N	2025-10-02	\N	2025-10-17 11:59:35.416805+00	2025-10-17 12:00:00.008372+00	1	4	37	1	15	\N	\N	\N	\N	f	\N	f
258	f	\N	1	\N	2025-10-02	\N	2025-10-17 11:59:46.978942+00	2025-10-17 12:00:00.010965+00	1	9	37	1	15	\N	\N	\N	\N	f	\N	f
261	f	\N	6	\N	2025-10-02	\N	2025-10-17 11:59:52.774625+00	2025-10-17 12:00:00.01357+00	1	5	37	1	15	\N	\N	\N	\N	f	\N	f
262	f	\N	\N	\N	\N	\N	2025-10-17 12:00:35.316156+00	2025-10-17 12:00:35.316165+00	1	14	35	2	15	\N	\N	\N	\N	f	\N	f
263	f	\N	\N	\N	\N	\N	2025-10-17 12:00:35.318334+00	2025-10-17 12:00:35.318348+00	1	24	35	2	15	\N	\N	\N	\N	f	\N	f
264	f	\N	\N	\N	\N	\N	2025-10-17 12:00:35.321028+00	2025-10-17 12:00:35.321035+00	1	14	36	3	15	\N	\N	\N	\N	f	\N	f
271	f	\N	\N	\N	2025-10-01	\N	2025-10-17 21:08:25.076398+00	2025-10-18 11:28:41.84531+00	1	20	38	5	16	\N	\N	\N	\N	f	\N	f
276	f	\N	\N	\N	2025-10-01	\N	2025-10-17 21:08:25.085922+00	2025-10-18 11:28:41.88972+00	1	20	39	4	16	\N	\N	\N	\N	f	\N	f
277	f	\N	\N	\N	2025-10-01	\N	2025-10-17 21:08:25.086906+00	2025-10-18 11:28:41.892577+00	1	22	39	4	16	\N	\N	\N	\N	f	\N	f
270	f	\N	\N	\N	2025-10-01	\N	2025-10-17 21:08:25.075224+00	2025-10-18 11:28:41.872255+00	1	18	38	5	16	\N	\N	\N	\N	f	\N	f
295	f	\N	81	\N	2025-10-01	\N	2025-10-17 22:58:23.097526+00	2025-10-18 11:28:41.900268+00	1	4	39	4	16	\N	\N	\N	\N	f	\N	f
294	f	\N	80	\N	2025-10-01	\N	2025-10-17 22:58:16.483532+00	2025-10-18 11:28:41.941097+00	1	4	40	3	16	\N	\N	\N	\N	f	\N	f
279	f	\N	25.2	\N	2025-10-01	\N	2025-10-17 21:08:25.089876+00	2025-10-18 11:28:41.951463+00	1	10	40	3	16	\N	\N	\N	\N	f	\N	f
275	f	\N	\N	\N	2025-10-01	\N	2025-10-17 21:08:25.085007+00	2025-10-18 11:28:41.914488+00	1	18	39	4	16	\N	\N	\N	\N	f	\N	f
280	f	\N	\N	\N	2025-10-01	\N	2025-10-17 21:08:25.090727+00	2025-10-18 11:28:41.956451+00	1	18	40	3	16	\N	\N	\N	\N	f	\N	f
278	f	\N	7.15	\N	2025-10-01	\N	2025-10-17 21:08:25.088769+00	2025-10-18 11:28:41.965524+00	1	1	40	3	16	7.9	7.1	7.1	6.5	f	\N	f
293	f	\N	78	\N	2025-10-01	\N	2025-10-17 22:58:09.144757+00	2025-10-18 11:28:41.980824+00	1	4	41	2	16	\N	\N	\N	\N	f	\N	f
272	f	\N	\N	\N	2025-10-01	\N	2025-10-17 21:08:25.077402+00	2025-10-18 11:28:41.848433+00	1	22	38	5	16	\N	\N	\N	\N	f	\N	f
297	f	\N	51	\N	2025-10-01	\N	2025-10-17 23:00:11.939179+00	2025-10-18 11:28:41.853919+00	1	5	38	5	16	\N	\N	\N	\N	f	\N	f
296	f	\N	80	\N	2025-10-01	\N	2025-10-17 22:58:32.5322+00	2025-10-18 11:28:41.856655+00	1	4	38	5	16	\N	\N	\N	\N	f	\N	f
268	f	\N	9.2	\N	2025-10-01	\N	2025-10-17 21:08:25.070426+00	2025-10-18 11:28:41.881011+00	1	1	38	5	16	9.3	9.2	9.2	9.1	f	\N	f
287	f	\N	\N	\N	2025-10-01	\N	2025-10-17 21:08:25.099109+00	2025-10-18 11:28:41.973253+00	1	22	41	2	16	\N	\N	\N	\N	f	\N	f
281	f	\N	\N	\N	2025-10-01	\N	2025-10-17 21:08:25.09178+00	2025-10-18 11:28:41.929246+00	1	20	40	3	16	\N	\N	\N	\N	f	\N	f
282	f	\N	\N	\N	2025-10-01	\N	2025-10-17 21:08:25.093064+00	2025-10-18 11:28:41.932132+00	1	22	40	3	16	\N	\N	\N	\N	f	\N	f
269	f	\N	24.4	\N	2025-10-01	\N	2025-10-17 21:08:25.073793+00	2025-10-18 11:28:41.86774+00	1	10	38	5	16	\N	\N	\N	\N	f	\N	f
274	f	\N	24.3	\N	2025-10-01	\N	2025-10-17 21:08:25.084027+00	2025-10-18 11:28:41.910012+00	1	10	39	4	16	\N	\N	\N	\N	f	\N	f
283	f	\N	8.2	\N	2025-10-01	\N	2025-10-17 21:08:25.095478+00	2025-10-18 11:28:42.002885+00	1	1	41	2	16	8.2	8.2	10.3	6.1	f	\N	f
286	f	\N	\N	\N	2025-10-01	\N	2025-10-17 21:08:25.098296+00	2025-10-18 11:28:41.970518+00	1	20	41	2	16	\N	\N	\N	\N	f	\N	f
284	f	\N	24.8	\N	2025-10-01	\N	2025-10-17 21:08:25.096595+00	2025-10-18 11:28:41.990775+00	1	10	41	2	16	\N	\N	\N	\N	f	\N	f
285	f	\N	\N	\N	2025-10-01	\N	2025-10-17 21:08:25.09746+00	2025-10-18 11:28:41.995684+00	1	18	41	2	16	\N	\N	\N	\N	f	\N	f
288	f	\N	11	\N	\N	\N	2025-10-17 21:08:25.143756+00	2025-10-20 09:53:18.944043+00	1	1	42	1	17	10	11	11	12	f	\N	f
292	f	\N	\N	\N	\N	\N	2025-10-17 21:08:25.148135+00	2025-10-20 09:53:18.914727+00	1	22	42	1	17	\N	\N	\N	\N	f	\N	f
291	f	\N	\N	\N	\N	\N	2025-10-17 21:08:25.147417+00	2025-10-20 09:53:18.923305+00	1	20	42	1	17	\N	\N	\N	\N	f	\N	f
289	f	\N	\N	\N	\N	\N	2025-10-17 21:08:25.145934+00	2025-10-20 09:53:18.938342+00	1	10	42	1	17	\N	\N	\N	\N	f	\N	f
290	f	\N	\N	\N	\N	\N	2025-10-17 21:08:25.146665+00	2025-10-20 09:53:18.941272+00	1	18	42	1	17	\N	\N	\N	\N	f	\N	f
330	f	\N	\N	\N	\N	\N	2025-10-18 11:42:38.06239+00	2025-10-18 11:42:38.062399+00	1	24	38	5	16	\N	\N	\N	\N	f	\N	f
331	f	\N	\N	\N	\N	\N	2025-10-18 11:42:38.064768+00	2025-10-18 11:42:38.064775+00	1	14	39	4	16	\N	\N	\N	\N	f	\N	f
327	f	\N	79	\N	2025-10-01	\N	2025-10-18 11:28:21.08188+00	2025-10-18 11:28:41.902739+00	1	53	39	4	16	\N	\N	\N	\N	f	\N	f
302	f	\N	5	\N	2025-10-01	\N	2025-10-17 23:07:53.36575+00	2025-10-18 11:28:41.90494+00	1	6	39	4	16	\N	\N	\N	\N	f	\N	f
332	f	\N	\N	\N	\N	\N	2025-10-18 11:42:38.066131+00	2025-10-18 11:42:38.066136+00	1	24	39	4	16	\N	\N	\N	\N	f	\N	f
303	f	\N	4	\N	2025-10-01	\N	2025-10-17 23:14:36.735567+00	2025-10-18 11:28:41.90712+00	1	7	39	4	16	\N	\N	\N	\N	f	\N	f
318	f	\N	5	\N	2025-10-01	\N	2025-10-18 11:26:43.706832+00	2025-10-18 11:28:41.912324+00	1	21	39	4	16	\N	\N	\N	\N	f	\N	f
333	f	\N	\N	\N	\N	\N	2025-10-18 11:42:38.067841+00	2025-10-18 11:42:38.067847+00	1	14	40	3	16	\N	\N	\N	\N	f	\N	f
334	f	\N	\N	\N	\N	\N	2025-10-18 11:42:38.069461+00	2025-10-18 11:42:38.069469+00	1	24	40	3	16	\N	\N	\N	\N	f	\N	f
314	f	\N	1.1	\N	2025-10-01	\N	2025-10-18 11:26:14.513601+00	2025-10-18 11:28:41.917346+00	1	19	39	4	16	\N	\N	\N	\N	f	\N	f
322	f	\N	32	\N	2025-10-01	\N	2025-10-18 11:27:46.319762+00	2025-10-18 11:28:41.919724+00	1	28	39	4	16	\N	\N	\N	\N	f	\N	f
273	f	\N	10.3	\N	2025-10-01	\N	2025-10-17 21:08:25.080739+00	2025-10-18 11:28:41.921871+00	1	1	39	4	16	10.2	10.4	11.8	8.8	f	\N	f
311	f	\N	5	\N	2025-10-01	\N	2025-10-18 11:25:49.8029+00	2025-10-18 11:28:41.935665+00	1	17	40	3	16	\N	\N	\N	\N	f	\N	f
335	f	\N	\N	\N	\N	\N	2025-10-18 11:42:38.071471+00	2025-10-18 11:42:38.071479+00	1	14	41	2	16	\N	\N	\N	\N	f	\N	f
336	f	\N	\N	\N	\N	\N	2025-10-18 11:42:38.072674+00	2025-10-18 11:42:38.072679+00	1	24	41	2	16	\N	\N	\N	\N	f	\N	f
299	f	\N	48	\N	2025-10-01	\N	2025-10-17 23:01:36.543309+00	2025-10-18 11:28:41.938408+00	1	5	40	3	16	\N	\N	\N	\N	f	\N	f
326	f	\N	74	\N	2025-10-01	\N	2025-10-18 11:28:13.107888+00	2025-10-18 11:28:41.94397+00	1	53	40	3	16	\N	\N	\N	\N	f	\N	f
305	f	\N	5	\N	2025-10-01	\N	2025-10-17 23:16:05.912618+00	2025-10-18 11:28:41.946172+00	1	6	40	3	16	\N	\N	\N	\N	f	\N	f
307	f	\N	3	\N	2025-10-01	\N	2025-10-17 23:16:25.119759+00	2025-10-18 11:28:41.948444+00	1	7	40	3	16	\N	\N	\N	\N	f	\N	f
319	f	\N	5	\N	2025-10-01	\N	2025-10-18 11:26:43.738525+00	2025-10-18 11:28:41.953698+00	1	21	40	3	16	\N	\N	\N	\N	f	\N	f
315	f	\N	1.1	\N	2025-10-01	\N	2025-10-18 11:26:14.538963+00	2025-10-18 11:28:41.959615+00	1	19	40	3	16	\N	\N	\N	\N	f	\N	f
323	f	\N	29	\N	2025-10-01	\N	2025-10-18 11:27:54.069297+00	2025-10-18 11:28:41.962114+00	1	28	40	3	16	\N	\N	\N	\N	f	\N	f
312	f	\N	5	\N	2025-10-01	\N	2025-10-18 11:25:49.825596+00	2025-10-18 11:28:41.976298+00	1	17	41	2	16	\N	\N	\N	\N	f	\N	f
309	f	\N	5	\N	2025-10-01	\N	2025-10-18 11:25:49.748735+00	2025-10-18 11:28:41.851543+00	1	17	38	5	16	\N	\N	\N	\N	f	\N	f
300	f	\N	42	\N	2025-10-01	\N	2025-10-17 23:01:43.151862+00	2025-10-18 11:28:41.978683+00	1	5	41	2	16	\N	\N	\N	\N	f	\N	f
325	f	\N	76	\N	2025-10-01	\N	2025-10-18 11:28:08.920314+00	2025-10-18 11:28:41.983568+00	1	53	41	2	16	\N	\N	\N	\N	f	\N	f
328	f	\N	77	\N	2025-10-01	\N	2025-10-18 11:28:31.636525+00	2025-10-18 11:28:41.859896+00	1	53	38	5	16	\N	\N	\N	\N	f	\N	f
301	f	\N	5	\N	2025-10-01	\N	2025-10-17 23:01:55.975209+00	2025-10-18 11:28:41.862343+00	1	6	38	5	16	\N	\N	\N	\N	f	\N	f
304	f	\N	4	\N	2025-10-01	\N	2025-10-17 23:15:48.58274+00	2025-10-18 11:28:41.865056+00	1	7	38	5	16	\N	\N	\N	\N	f	\N	f
306	f	\N	5	\N	2025-10-01	\N	2025-10-17 23:16:18.607792+00	2025-10-18 11:28:41.98618+00	1	6	41	2	16	\N	\N	\N	\N	f	\N	f
308	f	\N	4	\N	2025-10-01	\N	2025-10-17 23:16:27.81846+00	2025-10-18 11:28:41.988325+00	1	7	41	2	16	\N	\N	\N	\N	f	\N	f
320	f	\N	5	\N	2025-10-01	\N	2025-10-18 11:26:43.767882+00	2025-10-18 11:28:41.99359+00	1	21	41	2	16	\N	\N	\N	\N	f	\N	f
316	f	\N	1.1	\N	2025-10-01	\N	2025-10-18 11:26:14.564705+00	2025-10-18 11:28:41.997956+00	1	19	41	2	16	\N	\N	\N	\N	f	\N	f
324	f	\N	34	\N	2025-10-01	\N	2025-10-18 11:27:58.227889+00	2025-10-18 11:28:42.000618+00	1	28	41	2	16	\N	\N	\N	\N	f	\N	f
349	f	\N	\N	\N	\N	\N	2025-10-18 11:48:59.799618+00	2025-10-18 11:48:59.799621+00	1	1	47	1	19	\N	\N	\N	\N	f	\N	f
317	f	\N	5	\N	2025-10-01	\N	2025-10-18 11:26:43.668012+00	2025-10-18 11:28:41.869978+00	1	21	38	5	16	\N	\N	\N	\N	f	\N	f
313	f	\N	1.1	\N	2025-10-01	\N	2025-10-18 11:26:14.481206+00	2025-10-18 11:28:41.8754+00	1	19	38	5	16	\N	\N	\N	\N	f	\N	f
329	f	\N	\N	\N	\N	\N	2025-10-18 11:42:38.059275+00	2025-10-18 11:42:38.059286+00	1	14	38	5	16	\N	\N	\N	\N	f	\N	f
350	f	\N	\N	\N	\N	\N	2025-10-18 11:48:59.802166+00	2025-10-18 11:48:59.80217+00	1	10	47	1	19	\N	\N	\N	\N	f	\N	f
321	f	\N	29	\N	2025-10-01	\N	2025-10-18 11:27:33.449859+00	2025-10-18 11:28:41.87778+00	1	28	38	5	16	\N	\N	\N	\N	f	\N	f
351	f	\N	\N	\N	\N	\N	2025-10-18 11:48:59.803005+00	2025-10-18 11:48:59.803008+00	1	20	47	1	19	\N	\N	\N	\N	f	\N	f
345	f	\N	\N	\N	2025-10-01	\N	2025-10-18 11:48:59.736759+00	2025-10-18 12:43:47.824563+00	1	20	45	3	18	\N	\N	\N	\N	f	\N	f
344	f	\N	27.1	\N	2025-10-01	\N	2025-10-18 11:48:59.735821+00	2025-10-18 12:43:47.831788+00	1	10	45	3	18	\N	\N	\N	\N	f	\N	f
310	f	\N	5	\N	2025-10-01	\N	2025-10-18 11:25:49.779902+00	2025-10-18 11:28:41.895079+00	1	17	39	4	16	\N	\N	\N	\N	f	\N	f
298	f	\N	41	\N	2025-10-01	\N	2025-10-17 23:00:44.802186+00	2025-10-18 11:28:41.897468+00	1	5	39	4	16	\N	\N	\N	\N	f	\N	f
348	f	\N	\N	\N	2025-10-01	\N	2025-10-18 11:48:59.740834+00	2025-10-18 12:43:47.856219+00	1	20	46	2	18	\N	\N	\N	\N	f	\N	f
347	f	\N	28.7	\N	2025-10-01	\N	2025-10-18 11:48:59.739999+00	2025-10-18 12:43:47.863111+00	1	10	46	2	18	\N	\N	\N	\N	f	\N	f
346	f	\N	15.600000000000001	\N	2025-10-01	\N	2025-10-18 11:48:59.738725+00	2025-10-18 12:43:47.865415+00	1	1	46	2	18	15.6	15.6	15.5	15.7	f	\N	f
342	f	\N	\N	\N	2025-10-01	\N	2025-10-18 11:48:59.73221+00	2025-10-18 12:43:47.784914+00	1	20	44	4	18	\N	\N	\N	\N	f	\N	f
353	f	\N	46	\N	2025-10-01	\N	2025-10-18 12:31:29.97207+00	2025-10-18 12:43:47.78263+00	1	5	44	4	18	\N	\N	\N	\N	f	\N	f
343	f	\N	14.6	\N	2025-10-01	\N	2025-10-18 11:48:59.734363+00	2025-10-18 12:43:47.833933+00	1	1	45	3	18	14.6	14.6	14.7	14.5	f	\N	f
352	f	\N	57	\N	2025-10-01	\N	2025-10-18 12:31:24.623972+00	2025-10-18 12:43:47.729436+00	1	5	43	5	18	\N	\N	\N	\N	f	\N	f
339	f	\N	5	\N	2025-10-01	\N	2025-10-18 11:48:59.724057+00	2025-10-18 12:43:47.732621+00	1	20	43	5	18	\N	\N	\N	\N	f	\N	f
356	f	\N	5	\N	2025-10-01	\N	2025-10-18 12:32:29.290629+00	2025-10-18 12:43:47.735994+00	1	6	43	5	18	\N	\N	\N	\N	f	\N	f
337	f	\N	17.466666666666665	\N	2025-10-01	\N	2025-10-18 11:48:59.71767+00	2025-10-18 12:43:47.744704+00	1	1	43	5	18	\N	18.5	16.5	17.4	f	\N	f
340	f	\N	18.5	\N	2025-10-01	\N	2025-10-18 11:48:59.728166+00	2025-10-18 12:43:47.796853+00	1	1	44	4	18	18.5	19	18.1	18.4	f	\N	f
338	f	\N	24.3	\N	2025-10-01	\N	2025-10-18 11:48:59.72293+00	2025-10-18 12:43:47.741751+00	1	10	43	5	18	\N	\N	\N	\N	f	\N	f
355	f	\N	52	\N	2025-10-01	\N	2025-10-18 12:31:40.096932+00	2025-10-18 12:43:47.853899+00	1	5	46	2	18	\N	\N	\N	\N	f	\N	f
354	f	\N	60	\N	2025-10-01	\N	2025-10-18 12:31:36.286112+00	2025-10-18 12:43:47.822392+00	1	5	45	3	18	\N	\N	\N	\N	f	\N	f
387	f	\N	28	\N	2025-10-01	\N	2025-10-18 12:43:08.122043+00	2025-10-18 12:43:47.848705+00	1	28	45	3	18	\N	\N	\N	\N	f	\N	f
391	f	\N	99	\N	2025-10-01	\N	2025-10-18 12:43:34.225783+00	2025-10-18 12:43:47.850794+00	1	53	45	3	18	\N	\N	\N	\N	f	\N	f
381	f	\N	5	\N	2025-10-01	\N	2025-10-18 12:41:51.462303+00	2025-10-18 12:43:47.769169+00	1	21	43	5	18	\N	\N	\N	\N	f	\N	f
385	f	\N	36	\N	2025-10-01	\N	2025-10-18 12:42:55.997473+00	2025-10-18 12:43:47.775934+00	1	28	43	5	18	\N	\N	\N	\N	f	\N	f
389	f	\N	98	\N	2025-10-01	\N	2025-10-18 12:43:27.200546+00	2025-10-18 12:43:47.779647+00	1	53	43	5	18	\N	\N	\N	\N	f	\N	f
359	f	\N	5	\N	2025-10-01	\N	2025-10-18 12:32:29.336162+00	2025-10-18 12:43:47.858337+00	1	6	46	2	18	\N	\N	\N	\N	f	\N	f
363	f	\N	4	\N	2025-10-01	\N	2025-10-18 12:33:03.073384+00	2025-10-18 12:43:47.860421+00	1	7	46	2	18	\N	\N	\N	\N	f	\N	f
357	f	\N	5	\N	2025-10-01	\N	2025-10-18 12:32:29.309805+00	2025-10-18 12:43:47.78767+00	1	6	44	4	18	\N	\N	\N	\N	f	\N	f
361	f	\N	4	\N	2025-10-01	\N	2025-10-18 12:32:57.392848+00	2025-10-18 12:43:47.790804+00	1	7	44	4	18	\N	\N	\N	\N	f	\N	f
367	f	\N	76	\N	2025-10-01	\N	2025-10-18 12:39:29.373251+00	2025-10-18 12:43:47.868123+00	1	4	46	2	18	\N	\N	\N	\N	f	\N	f
372	f	\N	5	\N	2025-10-01	\N	2025-10-18 12:40:07.134533+00	2025-10-18 12:43:47.870781+00	1	17	46	2	18	\N	\N	\N	\N	f	\N	f
376	f	\N	785.2	\N	2025-10-01	\N	2025-10-18 12:40:52.286653+00	2025-10-18 12:43:47.873068+00	1	18	46	2	18	\N	\N	\N	\N	f	\N	f
341	f	\N	26.7	\N	2025-10-01	\N	2025-10-18 11:48:59.731192+00	2025-10-18 12:43:47.793712+00	1	10	44	4	18	\N	\N	\N	\N	f	\N	f
365	f	\N	77	\N	2025-10-01	\N	2025-10-18 12:39:02.398238+00	2025-10-18 12:43:47.803291+00	1	4	44	4	18	\N	\N	\N	\N	f	\N	f
380	f	\N	1.4	\N	2025-10-01	\N	2025-10-18 12:41:32.123721+00	2025-10-18 12:43:47.8752+00	1	19	46	2	18	\N	\N	\N	\N	f	\N	f
384	f	\N	5	\N	2025-10-01	\N	2025-10-18 12:41:51.545918+00	2025-10-18 12:43:47.877841+00	1	21	46	2	18	\N	\N	\N	\N	f	\N	f
370	f	\N	5	\N	2025-10-01	\N	2025-10-18 12:40:07.096512+00	2025-10-18 12:43:47.806094+00	1	17	44	4	18	\N	\N	\N	\N	f	\N	f
374	f	\N	750	\N	2025-10-01	\N	2025-10-18 12:40:38.768819+00	2025-10-18 12:43:47.80827+00	1	18	44	4	18	\N	\N	\N	\N	f	\N	f
388	f	\N	33	\N	2025-10-01	\N	2025-10-18 12:43:11.230941+00	2025-10-18 12:43:47.88013+00	1	28	46	2	18	\N	\N	\N	\N	f	\N	f
392	f	\N	98	\N	2025-10-01	\N	2025-10-18 12:43:34.256977+00	2025-10-18 12:43:47.882186+00	1	53	46	2	18	\N	\N	\N	\N	f	\N	f
393	f	\N	\N	\N	\N	\N	2025-10-18 12:44:08.332384+00	2025-10-18 12:44:08.332392+00	1	14	43	5	18	\N	\N	\N	\N	f	\N	f
394	f	\N	\N	\N	\N	\N	2025-10-18 12:44:08.334743+00	2025-10-18 12:44:08.334751+00	1	23	43	5	18	\N	\N	\N	\N	f	\N	f
378	f	\N	1.5	\N	2025-10-01	\N	2025-10-18 12:41:14.810035+00	2025-10-18 12:43:47.810469+00	1	19	44	4	18	\N	\N	\N	\N	f	\N	f
382	f	\N	5	\N	2025-10-01	\N	2025-10-18 12:41:51.494388+00	2025-10-18 12:43:47.813332+00	1	21	44	4	18	\N	\N	\N	\N	f	\N	f
395	f	\N	\N	\N	\N	\N	2025-10-18 12:44:08.336887+00	2025-10-18 12:44:08.336895+00	1	14	44	4	18	\N	\N	\N	\N	f	\N	f
402	f	\N	5	\N	\N	\N	2025-10-20 09:37:17.35497+00	2025-10-20 09:53:18.919119+00	1	5	42	1	17	\N	\N	\N	\N	f	\N	f
401	f	\N	30	\N	\N	\N	2025-10-20 09:37:17.35119+00	2025-10-20 09:53:18.927297+00	1	4	42	1	17	\N	\N	\N	\N	f	\N	f
403	f	\N	5	\N	\N	\N	2025-10-20 09:37:17.356551+00	2025-10-20 09:53:18.931531+00	1	6	42	1	17	\N	\N	\N	\N	f	\N	f
396	f	\N	\N	\N	\N	\N	2025-10-18 12:44:08.338523+00	2025-10-18 12:44:08.338528+00	1	23	44	4	18	\N	\N	\N	\N	f	\N	f
397	f	\N	\N	\N	\N	\N	2025-10-18 12:44:08.340339+00	2025-10-18 12:44:08.340345+00	1	14	45	3	18	\N	\N	\N	\N	f	\N	f
360	f	\N	4	\N	2025-10-01	\N	2025-10-18 12:32:45.16603+00	2025-10-18 12:43:47.738971+00	1	7	43	5	18	\N	\N	\N	\N	f	\N	f
386	f	\N	39	\N	2025-10-01	\N	2025-10-18 12:43:02.465903+00	2025-10-18 12:43:47.81606+00	1	28	44	4	18	\N	\N	\N	\N	f	\N	f
398	f	\N	\N	\N	\N	\N	2025-10-18 12:44:08.341677+00	2025-10-18 12:44:08.341682+00	1	23	45	3	18	\N	\N	\N	\N	f	\N	f
390	f	\N	100	\N	2025-10-01	\N	2025-10-18 12:43:27.238506+00	2025-10-18 12:43:47.819043+00	1	53	44	4	18	\N	\N	\N	\N	f	\N	f
399	f	\N	\N	\N	\N	\N	2025-10-18 12:44:08.343397+00	2025-10-18 12:44:08.343402+00	1	14	46	2	18	\N	\N	\N	\N	f	\N	f
400	f	\N	\N	\N	\N	\N	2025-10-18 12:44:08.344768+00	2025-10-18 12:44:08.344772+00	1	23	46	2	18	\N	\N	\N	\N	f	\N	f
364	f	\N	73	\N	2025-10-01	\N	2025-10-18 12:38:02.677721+00	2025-10-18 12:43:47.753009+00	1	4	43	5	18	\N	\N	\N	\N	f	\N	f
368	f	\N	0	\N	2025-10-01	\N	2025-10-18 12:39:39.405502+00	2025-10-18 12:43:47.756043+00	1	8	43	5	18	\N	\N	\N	\N	f	\N	f
358	f	\N	5	\N	2025-10-01	\N	2025-10-18 12:32:29.323286+00	2025-10-18 12:43:47.82683+00	1	6	45	3	18	\N	\N	\N	\N	f	\N	f
362	f	\N	3	\N	2025-10-01	\N	2025-10-18 12:33:03.058632+00	2025-10-18 12:43:47.829503+00	1	7	45	3	18	\N	\N	\N	\N	f	\N	f
369	f	\N	5	\N	2025-10-01	\N	2025-10-18 12:40:07.069371+00	2025-10-18 12:43:47.758649+00	1	17	43	5	18	\N	\N	\N	\N	f	\N	f
366	f	\N	77	\N	2025-10-01	\N	2025-10-18 12:39:18.191317+00	2025-10-18 12:43:47.837257+00	1	4	45	3	18	\N	\N	\N	\N	f	\N	f
373	f	\N	770	\N	2025-10-01	\N	2025-10-18 12:40:27.563873+00	2025-10-18 12:43:47.761134+00	1	18	43	5	18	\N	\N	\N	\N	f	\N	f
371	f	\N	5	\N	2025-10-01	\N	2025-10-18 12:40:07.116202+00	2025-10-18 12:43:47.839501+00	1	17	45	3	18	\N	\N	\N	\N	f	\N	f
375	f	\N	800	\N	2025-10-01	\N	2025-10-18 12:40:45.326836+00	2025-10-18 12:43:47.841584+00	1	18	45	3	18	\N	\N	\N	\N	f	\N	f
377	f	\N	1.4	\N	2025-10-01	\N	2025-10-18 12:41:09.617414+00	2025-10-18 12:43:47.763594+00	1	19	43	5	18	\N	\N	\N	\N	f	\N	f
379	f	\N	1.3	\N	2025-10-01	\N	2025-10-18 12:41:28.040539+00	2025-10-18 12:43:47.84372+00	1	19	45	3	18	\N	\N	\N	\N	f	\N	f
383	f	\N	5	\N	2025-10-01	\N	2025-10-18 12:41:51.520488+00	2025-10-18 12:43:47.846544+00	1	21	45	3	18	\N	\N	\N	\N	f	\N	f
404	f	\N	3	\N	\N	\N	2025-10-20 09:37:17.358078+00	2025-10-20 09:53:18.934982+00	1	7	42	1	17	\N	\N	\N	\N	f	\N	f
409	f	\N	21.5	\N	2025-10-01	\N	2025-10-20 10:02:28.273654+00	2025-10-20 10:21:51.194062+00	1	1	50	3	20	21	21	32	12	f	\N	f
414	f	\N	\N	\N	2025-10-01	\N	2025-10-20 10:02:28.313142+00	2025-10-20 10:13:15.502296+00	1	10	52	1	21	\N	\N	\N	\N	f	\N	f
413	f	\N	\N	\N	2025-10-01	\N	2025-10-20 10:02:28.310624+00	2025-10-20 10:13:15.506434+00	1	1	52	1	21	\N	\N	\N	\N	f	\N	f
412	f	\N	5	\N	2025-10-01	\N	2025-10-20 10:02:28.277714+00	2025-10-20 10:21:51.198451+00	1	10	51	2	20	\N	\N	\N	\N	f	\N	f
411	f	\N	22.5	\N	2025-10-01	\N	2025-10-20 10:02:28.2766+00	2025-10-20 10:21:51.200984+00	1	1	51	2	20	23	23	21	23	f	\N	f
415	f	\N	\N	\N	\N	\N	2025-10-20 10:22:12.352214+00	2025-10-20 10:22:12.352226+00	1	14	48	5	20	\N	\N	\N	\N	f	\N	f
406	f	\N	4	\N	2025-10-01	\N	2025-10-20 10:02:28.265865+00	2025-10-20 10:21:51.162449+00	1	10	48	5	20	\N	\N	\N	\N	f	\N	f
405	f	\N	21.5	\N	2025-10-01	\N	2025-10-20 10:02:28.261776+00	2025-10-20 10:21:51.167347+00	1	1	48	5	20	32	21	12	21	f	\N	f
408	f	\N	4	\N	2025-10-01	\N	2025-10-20 10:02:28.271716+00	2025-10-20 10:21:51.178911+00	1	10	49	4	20	\N	\N	\N	\N	f	\N	f
407	f	\N	12	\N	2025-10-01	\N	2025-10-20 10:02:28.269234+00	2025-10-20 10:21:51.181884+00	1	1	49	4	20	12	12	12	12	f	\N	f
410	f	\N	5	\N	2025-10-01	\N	2025-10-20 10:02:28.274787+00	2025-10-20 10:21:51.191101+00	1	10	50	3	20	\N	\N	\N	\N	f	\N	f
416	f	\N	\N	\N	\N	\N	2025-10-20 10:22:12.355389+00	2025-10-20 10:22:12.355396+00	1	14	49	4	20	\N	\N	\N	\N	f	\N	f
417	f	\N	\N	\N	\N	\N	2025-10-20 10:22:12.357798+00	2025-10-20 10:22:12.357806+00	1	14	50	3	20	\N	\N	\N	\N	f	\N	f
418	f	\N	\N	\N	\N	\N	2025-10-20 10:22:12.360209+00	2025-10-20 10:22:12.360215+00	1	14	51	2	20	\N	\N	\N	\N	f	\N	f
\.


--
-- Name: trials_app_application_id_seq; Type: SEQUENCE SET; Schema: public; Owner: -
--

SELECT pg_catalog.setval('public.trials_app_application_id_seq', 7, true);


--
-- Name: trials_app_application_target_oblasts_id_seq; Type: SEQUENCE SET; Schema: public; Owner: -
--

SELECT pg_catalog.setval('public.trials_app_application_target_oblasts_id_seq', 13, true);


--
-- Name: trials_app_applicationdecisionhistory_id_seq; Type: SEQUENCE SET; Schema: public; Owner: -
--

SELECT pg_catalog.setval('public.trials_app_applicationdecisionhistory_id_seq', 1, true);


--
-- Name: trials_app_document_id_seq; Type: SEQUENCE SET; Schema: public; Owner: -
--

SELECT pg_catalog.setval('public.trials_app_document_id_seq', 28, true);


--
-- Name: trials_app_originator_id_seq; Type: SEQUENCE SET; Schema: public; Owner: -
--

SELECT pg_catalog.setval('public.trials_app_originator_id_seq', 1343, true);


--
-- Name: trials_app_planneddistribution_id_seq; Type: SEQUENCE SET; Schema: public; Owner: -
--

SELECT pg_catalog.setval('public.trials_app_planneddistribution_id_seq', 1, false);


--
-- Name: trials_app_sortoriginator_id_seq; Type: SEQUENCE SET; Schema: public; Owner: -
--

SELECT pg_catalog.setval('public.trials_app_sortoriginator_id_seq', 1465, true);


--
-- Name: trials_app_trial_id_seq; Type: SEQUENCE SET; Schema: public; Owner: -
--

SELECT pg_catalog.setval('public.trials_app_trial_id_seq', 21, true);


--
-- Name: trials_app_triallaboratoryresult_id_seq; Type: SEQUENCE SET; Schema: public; Owner: -
--

SELECT pg_catalog.setval('public.trials_app_triallaboratoryresult_id_seq', 24, true);


--
-- Name: trials_app_trialparticipant_id_seq; Type: SEQUENCE SET; Schema: public; Owner: -
--

SELECT pg_catalog.setval('public.trials_app_trialparticipant_id_seq', 52, true);


--
-- Name: trials_app_trialplan_id_seq; Type: SEQUENCE SET; Schema: public; Owner: -
--

SELECT pg_catalog.setval('public.trials_app_trialplan_id_seq', 5, true);


--
-- Name: trials_app_trialplanculture_id_seq; Type: SEQUENCE SET; Schema: public; Owner: -
--

SELECT pg_catalog.setval('public.trials_app_trialplanculture_id_seq', 5, true);


--
-- Name: trials_app_trialplanculturetrialtype_id_seq; Type: SEQUENCE SET; Schema: public; Owner: -
--

SELECT pg_catalog.setval('public.trials_app_trialplanculturetrialtype_id_seq', 6, true);


--
-- Name: trials_app_trialplanparticipant_id_seq; Type: SEQUENCE SET; Schema: public; Owner: -
--

SELECT pg_catalog.setval('public.trials_app_trialplanparticipant_id_seq', 15, true);


--
-- Name: trials_app_trialplantrial_id_seq; Type: SEQUENCE SET; Schema: public; Owner: -
--

SELECT pg_catalog.setval('public.trials_app_trialplantrial_id_seq', 38, true);


--
-- Name: trials_app_trialresult_id_seq; Type: SEQUENCE SET; Schema: public; Owner: -
--

SELECT pg_catalog.setval('public.trials_app_trialresult_id_seq', 418, true);


--
-- PostgreSQL database dump complete
--

\unrestrict zBM6Q2aEd8RTT99J595VxNzfWhuQno6puE69u3wy0Q572wSfd9abrTV5InjTfll

